[19:33:07] Iniciando esteira para módulo: Monitoramento atas feitas
[19:33:07] Unidade de lotação selecionada: CINQA
[19:33:07] Carregando lista de processos alvos...
[19:33:08] 23 processo(s) localizado(s) para inspeção.
[19:33:08] Iniciando navegador web (Microsoft Edge / Selenium)...
[19:33:09] Verificando autenticação no SEI...
[19:33:10] Tentando login automático no SEI para o órgão 'UERJ'...
[19:33:10] Tela de login do SEI-RJ identificada. Preenchendo credenciais para órgão 'UERJ'...
[19:33:15] Login no SEI-RJ realizado com sucesso!
[19:33:17] Login automático concluído com sucesso!
[19:33:17] Alternando contexto no SEI para a unidade 'CINQA'...
[19:33:30] Não foi possível alternar unidade pelo seletor padrão: Message: 
Stacktrace:
	msedgedriver!GetHandleVerifier [0x7ff624911bf5+4ca5]
	msedgedriver!(No symbol) [0x7ff624862774]
	msedgedriver!GetHandleVerifier [0x7ff624c913cf+38447f]
	msedgedriver!(No symbol) [0x7ff62463fed8]
	msedgedriver!(No symbol) [0x7ff62464015a]
	msedgedriver!(No symbol) [0x7ff62467fd27]
	msedgedriver!(No symbol) [0x7ff62463615f]
	msedgedriver!(No symbol) [0x7ff62467d968]
	msedgedriver!(No symbol) [0x7ff62463599c]
	msedgedriver!(No symbol) [0x7ff624634c1d]
	msedgedriver!(No symbol) [0x7ff6246357c3]
	msedgedriver!(No symbol) [0x7ff62476c442]
	msedgedriver!(No symbol) [0x7ff62477be69]
	msedgedriver!GetHandleVerifier [0x7ff6249b9b25+acbd5]
	msedgedriver!GetHandleVerifier [0x7ff6249c0001+b30b1]
	msedgedriver!(No symbol) [0x7ff62486e4ef]
	msedgedriver!(No symbol) [0x7ff624868ec4]
	msedgedriver!(No symbol) [0x7ff624868fea]
	msedgedriver!(No symbol) [0x7ff62485a5a8]
	KERNEL32!BaseThreadInitThunk [0x7ff98936cd87+17]
	ntdll!RtlUserThreadStart [0x7ff98ab4caec+2c]

[19:33:30] [1/23] Inspecionando processo: SEI-260006/017555/2026
[19:33:30] Processo SEI-260006/017555/2026 possui link direto na planilha. Acessando URL...
[19:33:48] Aviso: Não foi possível abrir pelo link direto (Message: 
Stacktrace:
	msedgedriver!GetHandleVerifier [0x7ff624911bf5+4ca5]
	msedgedriver!(No symbol) [0x7ff624862774]
	msedgedriver!GetHandleVerifier [0x7ff624c913cf+38447f]
	msedgedriver!(No symbol) [0x7ff62463fed8]
	msedgedriver!(No symbol) [0x7ff62464015a]
	msedgedriver!(No symbol) [0x7ff62467fd27]
	msedgedriver!(No symbol) [0x7ff62463615f]
	msedgedriver!(No symbol) [0x7ff62467d968]
	msedgedriver!(No symbol) [0x7ff62463599c]
	msedgedriver!(No symbol) [0x7ff624634c1d]
	msedgedriver!(No symbol) [0x7ff6246357c3]
	msedgedriver!(No symbol) [0x7ff62476c442]
	msedgedriver!(No symbol) [0x7ff62477be69]
	msedgedriver!GetHandleVerifier [0x7ff6249b9b25+acbd5]
	msedgedriver!GetHandleVerifier [0x7ff6249c0001+b30b1]
	msedgedriver!(No symbol) [0x7ff62486e4ef]
	msedgedriver!(No symbol) [0x7ff624868ec4]
	msedgedriver!(No symbol) [0x7ff624868fea]
	msedgedriver!(No symbol) [0x7ff62485a5a8]
	KERNEL32!BaseThreadInitThunk [0x7ff98936cd87+17]
	ntdll!RtlUserThreadStart [0x7ff98ab4caec+2c]
). Recorrendo ao campo de busca...
[19:33:48] Digitando processo SEI-260006/017555/2026 no campo de busca da janela...
[19:34:13] Aviso na tentativa de busca por 'SEI-260006/017555/2026': Message: 
Stacktrace:
	msedgedriver!GetHandleVerifier [0x7ff624911bf5+4ca5]
	msedgedriver!(No symbol) [0x7ff624862774]
	msedgedriver!GetHandleVerifier [0x7ff624c913cf+38447f]
	msedgedriver!(No symbol) [0x7ff62463fed8]
	msedgedriver!(No symbol) [0x7ff62464015a]
	msedgedriver!(No symbol) [0x7ff62467fd27]
	msedgedriver!(No symbol) [0x7ff62463615f]
	msedgedriver!(No symbol) [0x7ff62467d968]
	msedgedriver!(No symbol) [0x7ff62463599c]
	msedgedriver!(No symbol) [0x7ff624634c1d]
	msedgedriver!(No symbol) [0x7ff6246357c3]
	msedgedriver!(No symbol) [0x7ff62476c442]
	msedgedriver!(No symbol) [0x7ff62477be69]
	msedgedriver!GetHandleVerifier [0x7ff6249b9b25+acbd5]
	msedgedriver!GetHandleVerifier [0x7ff6249c0001+b30b1]
	msedgedriver!(No symbol) [0x7ff62486e4ef]
	msedgedriver!(No symbol) [0x7ff624868ec4]
	msedgedriver!(No symbol) [0x7ff624868fea]
	msedgedriver!(No symbol) [0x7ff62485a5a8]
	KERNEL32!BaseThreadInitThunk [0x7ff98936cd87+17]
	ntdll!RtlUserThreadStart [0x7ff98ab4caec+2c]

[19:34:37] Aviso na tentativa de busca por '260006/017555/2026': Message: 
Stacktrace:
	msedgedriver!GetHandleVerifier [0x7ff624911bf5+4ca5]
	msedgedriver!(No symbol) [0x7ff624862774]
	msedgedriver!GetHandleVerifier [0x7ff624c913cf+38447f]
	msedgedriver!(No symbol) [0x7ff62463fed8]
	msedgedriver!(No symbol) [0x7ff62464015a]
	msedgedriver!(No symbol) [0x7ff62467fd27]
	msedgedriver!(No symbol) [0x7ff62463615f]
	msedgedriver!(No symbol) [0x7ff62467d968]
	msedgedriver!(No symbol) [0x7ff62463599c]
	msedgedriver!(No symbol) [0x7ff624634c1d]
	msedgedriver!(No symbol) [0x7ff6246357c3]
	msedgedriver!(No symbol) [0x7ff62476c442]
	msedgedriver!(No symbol) [0x7ff62477be69]
	msedgedriver!GetHandleVerifier [0x7ff6249b9b25+acbd5]
	msedgedriver!GetHandleVerifier [0x7ff6249c0001+b30b1]
	msedgedriver!(No symbol) [0x7ff62486e4ef]
	msedgedriver!(No symbol) [0x7ff624868ec4]
	msedgedriver!(No symbol) [0x7ff624868fea]
	msedgedriver!(No symbol) [0x7ff62485a5a8]
	KERNEL32!BaseThreadInitThunk [0x7ff98936cd87+17]
	ntdll!RtlUserThreadStart [0x7ff98ab4caec+2c]

[19:34:37] Falha ao pesquisar/abrir o processo SEI-260006/017555/2026 após tentar formatos alternativos.
[19:34:37] Aviso: Falha ao abrir o processo SEI-260006/017555/2026 (não localizado ou restrito).
[19:34:37] [2/23] Inspecionando processo: SEI-260006/001087/2026
[19:34:37] Digitando processo SEI-260006/001087/2026 no campo de busca da janela...
[19:35:03] Aviso na tentativa de busca por 'SEI-260006/001087/2026': Message: 
Stacktrace:
	msedgedriver!GetHandleVerifier [0x7ff624911bf5+4ca5]
	msedgedriver!(No symbol) [0x7ff624862774]
	msedgedriver!GetHandleVerifier [0x7ff624c913cf+38447f]
	msedgedriver!(No symbol) [0x7ff62463fed8]
	msedgedriver!(No symbol) [0x7ff62464015a]
	msedgedriver!(No symbol) [0x7ff62467fd27]
	msedgedriver!(No symbol) [0x7ff62463615f]
	msedgedriver!(No symbol) [0x7ff62467d968]
	msedgedriver!(No symbol) [0x7ff62463599c]
	msedgedriver!(No symbol) [0x7ff624634c1d]
	msedgedriver!(No symbol) [0x7ff6246357c3]
	msedgedriver!(No symbol) [0x7ff62476c442]
	msedgedriver!(No symbol) [0x7ff62477be69]
	msedgedriver!GetHandleVerifier [0x7ff6249b9b25+acbd5]
	msedgedriver!GetHandleVerifier [0x7ff6249c0001+b30b1]
	msedgedriver!(No symbol) [0x7ff62486e4ef]
	msedgedriver!(No symbol) [0x7ff624868ec4]
	msedgedriver!(No symbol) [0x7ff624868fea]
	msedgedriver!(No symbol) [0x7ff62485a5a8]
	KERNEL32!BaseThreadInitThunk [0x7ff98936cd87+17]
	ntdll!RtlUserThreadStart [0x7ff98ab4caec+2c]

[19:35:26] Aviso na tentativa de busca por '260006/001087/2026': Message: 
Stacktrace:
	msedgedriver!GetHandleVerifier [0x7ff624911bf5+4ca5]
	msedgedriver!(No symbol) [0x7ff624862774]
	msedgedriver!GetHandleVerifier [0x7ff624c913cf+38447f]
	msedgedriver!(No symbol) [0x7ff62463fed8]
	msedgedriver!(No symbol) [0x7ff62464015a]
	msedgedriver!(No symbol) [0x7ff62467fd27]
	msedgedriver!(No symbol) [0x7ff62463615f]
	msedgedriver!(No symbol) [0x7ff62467d968]
	msedgedriver!(No symbol) [0x7ff62463599c]
	msedgedriver!(No symbol) [0x7ff624634c1d]
	msedgedriver!(No symbol) [0x7ff6246357c3]
	msedgedriver!(No symbol) [0x7ff62476c442]
	msedgedriver!(No symbol) [0x7ff62477be69]
	msedgedriver!GetHandleVerifier [0x7ff6249b9b25+acbd5]
	msedgedriver!GetHandleVerifier [0x7ff6249c0001+b30b1]
	msedgedriver!(No symbol) [0x7ff62486e4ef]
	msedgedriver!(No symbol) [0x7ff624868ec4]
	msedgedriver!(No symbol) [0x7ff624868fea]
	msedgedriver!(No symbol) [0x7ff62485a5a8]
	KERNEL32!BaseThreadInitThunk [0x7ff98936cd87+17]
	ntdll!RtlUserThreadStart [0x7ff98ab4caec+2c]

[19:35:26] Falha ao pesquisar/abrir o processo SEI-260006/001087/2026 após tentar formatos alternativos.
[19:35:26] Aviso: Falha ao abrir o processo SEI-260006/001087/2026 (não localizado ou restrito).
[19:35:26] [3/23] Inspecionando processo: SEI-260006/054138/2025
[19:35:26] Digitando processo SEI-260006/054138/2025 no campo de busca da janela...
[19:35:51] Aviso na tentativa de busca por 'SEI-260006/054138/2025': Message: 
Stacktrace:
	msedgedriver!GetHandleVerifier [0x7ff624911bf5+4ca5]
	msedgedriver!(No symbol) [0x7ff624862774]
	msedgedriver!GetHandleVerifier [0x7ff624c913cf+38447f]
	msedgedriver!(No symbol) [0x7ff62463fed8]
	msedgedriver!(No symbol) [0x7ff62464015a]
	msedgedriver!(No symbol) [0x7ff62467fd27]
	msedgedriver!(No symbol) [0x7ff62463615f]
	msedgedriver!(No symbol) [0x7ff62467d968]
	msedgedriver!(No symbol) [0x7ff62463599c]
	msedgedriver!(No symbol) [0x7ff624634c1d]
	msedgedriver!(No symbol) [0x7ff6246357c3]
	msedgedriver!(No symbol) [0x7ff62476c442]
	msedgedriver!(No symbol) [0x7ff62477be69]
	msedgedriver!GetHandleVerifier [0x7ff6249b9b25+acbd5]
	msedgedriver!GetHandleVerifier [0x7ff6249c0001+b30b1]
	msedgedriver!(No symbol) [0x7ff62486e4ef]
	msedgedriver!(No symbol) [0x7ff624868ec4]
	msedgedriver!(No symbol) [0x7ff624868fea]
	msedgedriver!(No symbol) [0x7ff62485a5a8]
	KERNEL32!BaseThreadInitThunk [0x7ff98936cd87+17]
	ntdll!RtlUserThreadStart [0x7ff98ab4caec+2c]

[19:36:14] Aviso na tentativa de busca por '260006/054138/2025': Message: 
Stacktrace:
	msedgedriver!GetHandleVerifier [0x7ff624911bf5+4ca5]
	msedgedriver!(No symbol) [0x7ff624862774]
	msedgedriver!GetHandleVerifier [0x7ff624c913cf+38447f]
	msedgedriver!(No symbol) [0x7ff62463fed8]
	msedgedriver!(No symbol) [0x7ff62464015a]
	msedgedriver!(No symbol) [0x7ff62467fd27]
	msedgedriver!(No symbol) [0x7ff62463615f]
	msedgedriver!(No symbol) [0x7ff62467d968]
	msedgedriver!(No symbol) [0x7ff62463599c]
	msedgedriver!(No symbol) [0x7ff624634c1d]
	msedgedriver!(No symbol) [0x7ff6246357c3]
	msedgedriver!(No symbol) [0x7ff62476c442]
	msedgedriver!(No symbol) [0x7ff62477be69]
	msedgedriver!GetHandleVerifier [0x7ff6249b9b25+acbd5]
	msedgedriver!GetHandleVerifier [0x7ff6249c0001+b30b1]
	msedgedriver!(No symbol) [0x7ff62486e4ef]
	msedgedriver!(No symbol) [0x7ff624868ec4]
	msedgedriver!(No symbol) [0x7ff624868fea]
	msedgedriver!(No symbol) [0x7ff62485a5a8]
	KERNEL32!BaseThreadInitThunk [0x7ff98936cd87+17]
	ntdll!RtlUserThreadStart [0x7ff98ab4caec+2c]

[19:36:14] Falha ao pesquisar/abrir o processo SEI-260006/054138/2025 após tentar formatos alternativos.
[19:36:14] Aviso: Falha ao abrir o processo SEI-260006/054138/2025 (não localizado ou restrito).
[19:36:14] [4/23] Inspecionando processo: SEI-260006/006535/2026
[19:36:14] Digitando processo SEI-260006/006535/2026 no campo de busca da janela...
[19:36:39] Aviso na tentativa de busca por 'SEI-260006/006535/2026': Message: 
Stacktrace:
	msedgedriver!GetHandleVerifier [0x7ff624911bf5+4ca5]
	msedgedriver!(No symbol) [0x7ff624862774]
	msedgedriver!GetHandleVerifier [0x7ff624c913cf+38447f]
	msedgedriver!(No symbol) [0x7ff62463fed8]
	msedgedriver!(No symbol) [0x7ff62464015a]
	msedgedriver!(No symbol) [0x7ff62467fd27]
	msedgedriver!(No symbol) [0x7ff62463615f]
	msedgedriver!(No symbol) [0x7ff62467d968]
	msedgedriver!(No symbol) [0x7ff62463599c]
	msedgedriver!(No symbol) [0x7ff624634c1d]
	msedgedriver!(No symbol) [0x7ff6246357c3]
	msedgedriver!(No symbol) [0x7ff62476c442]
	msedgedriver!(No symbol) [0x7ff62477be69]
	msedgedriver!GetHandleVerifier [0x7ff6249b9b25+acbd5]
	msedgedriver!GetHandleVerifier [0x7ff6249c0001+b30b1]
	msedgedriver!(No symbol) [0x7ff62486e4ef]
	msedgedriver!(No symbol) [0x7ff624868ec4]
	msedgedriver!(No symbol) [0x7ff624868fea]
	msedgedriver!(No symbol) [0x7ff62485a5a8]
	KERNEL32!BaseThreadInitThunk [0x7ff98936cd87+17]
	ntdll!RtlUserThreadStart [0x7ff98ab4caec+2c]

[19:36:56] Aviso na tentativa de busca por '260006/006535/2026': Message: target frame detached
  (failed to check if window was closed: disconnected: Unable to receive message from renderer)
  (Session info: MicrosoftEdge=153.0.4234.32)
Stacktrace:
	msedgedriver!GetHandleVerifier [0x7ff624911bf5+4ca5]
	msedgedriver!(No symbol) [0x7ff624862774]
	msedgedriver!(No symbol) [0x7ff6245f4513]
	msedgedriver!(No symbol) [0x7ff6245e6fa8]
	msedgedriver!(No symbol) [0x7ff6245e610d]
	msedgedriver!(No symbol) [0x7ff624601758]
	msedgedriver!(No symbol) [0x7ff624665c65]
	msedgedriver!(No symbol) [0x7ff62467d26f]
	msedgedriver!(No symbol) [0x7ff62463599c]
	msedgedriver!(No symbol) [0x7ff624634c1d]
	msedgedriver!(No symbol) [0x7ff6246357c3]
	msedgedriver!(No symbol) [0x7ff62476c442]
	msedgedriver!(No symbol) [0x7ff62477be69]
	msedgedriver!GetHandleVerifier [0x7ff6249b9b25+acbd5]
	msedgedriver!GetHandleVerifier [0x7ff6249c0001+b30b1]
	msedgedriver!(No symbol) [0x7ff62486e4ef]
	msedgedriver!(No symbol) [0x7ff624868ec4]
	msedgedriver!(No symbol) [0x7ff624868fea]
	msedgedriver!(No symbol) [0x7ff62485a5a8]
	KERNEL32!BaseThreadInitThunk [0x7ff98936cd87+17]
	ntdll!RtlUserThreadStart [0x7ff98ab4caec+2c]

[19:36:56] Falha ao pesquisar/abrir o processo SEI-260006/006535/2026 após tentar formatos alternativos.
[19:36:56] Aviso: Falha ao abrir o processo SEI-260006/006535/2026 (não localizado ou restrito).
[19:36:56] [5/23] Inspecionando processo: SEI-260006/017550/2026
[19:36:56] Digitando processo SEI-260006/017550/2026 no campo de busca da janela...
[19:36:56] Erro ao inspecionar SEI-260006/017550/2026: Message: invalid session id: session deleted as the browser has closed the connection
from disconnected: not connected to DevTools
  (Session info: MicrosoftEdge=153.0.4234.32); For documentation on this error, please visit: https://www.selenium.dev/documentation/webdriver/troubleshooting/errors#invalidsessionidexception
Stacktrace:
	msedgedriver!GetHandleVerifier [0x7ff624911bf5+4ca5]
	msedgedriver!(No symbol) [0x7ff624862774]
	msedgedriver!GetHandleVerifier [0x7ff624c913cf+38447f]
	msedgedriver!(No symbol) [0x7ff6245e5f3a]
	msedgedriver!(No symbol) [0x7ff624601758]
	msedgedriver!(No symbol) [0x7ff624665c65]
	msedgedriver!(No symbol) [0x7ff62467d26f]
	msedgedriver!(No symbol) [0x7ff62463599c]
	msedgedriver!(No symbol) [0x7ff624634c1d]
	msedgedriver!(No symbol) [0x7ff6246357c3]
	msedgedriver!(No symbol) [0x7ff62476c442]
	msedgedriver!(No symbol) [0x7ff62477be69]
	msedgedriver!GetHandleVerifier [0x7ff6249b9b25+acbd5]
	msedgedriver!GetHandleVerifier [0x7ff6249c0001+b30b1]
	msedgedriver!(No symbol) [0x7ff62486e4ef]
	msedgedriver!(No symbol) [0x7ff624868ec4]
	msedgedriver!(No symbol) [0x7ff624868fea]
	msedgedriver!(No symbol) [0x7ff62485a5a8]
	KERNEL32!BaseThreadInitThunk [0x7ff98936cd87+17]
	ntdll!RtlUserThreadStart [0x7ff98ab4caec+2c]

[19:36:56] Encerrando sessão do navegador...
[19:36:58] ERRO FATAL NA EXECUÇÃO: Message: invalid session id; For documentation on this error, please visit: https://www.selenium.dev/documentation/webdriver/troubleshooting/errors#invalidsessionidexception
Stacktrace:
	msedgedriver!GetHandleVerifier [0x7ff624911bf5+4ca5]
	msedgedriver!(No symbol) [0x7ff624862774]
	msedgedriver!(No symbol) [0x7ff6245f4513]
	msedgedriver!(No symbol) [0x7ff6246343d5]
	msedgedriver!(No symbol) [0x7ff624660a52]
	msedgedriver!(No symbol) [0x7ff6245ebfd9]
	msedgedriver!(No symbol) [0x7ff62465d153]
	msedgedriver!(No symbol) [0x7ff62465c9c2]
	msedgedriver!(No symbol) [0x7ff6245cc23b]
	msedgedriver!(No symbol) [0x7ff6245cc832]
	msedgedriver!(No symbol) [0x7ff6245ccd25]
	msedgedriver!(No symbol) [0x7ff62476c442]
	msedgedriver!(No symbol) [0x7ff62477be69]
	msedgedriver!GetHandleVerifier [0x7ff6249b9b25+acbd5]
	msedgedriver!GetHandleVerifier [0x7ff6249c0001+b30b1]
	msedgedriver!(No symbol) [0x7ff62486e4ef]
	msedgedriver!(No symbol) [0x7ff6245cbefe]
	msedgedriver!GetHandleVerifier [0x7ff624a97968+18aa18]
	KERNEL32!BaseThreadInitThunk [0x7ff98936cd87+17]
	ntdll!RtlUserThreadStart [0x7ff98ab4caec+2c]

[19:48:23] Iniciando esteira para módulo: Monitoramento atas feitas
[19:48:23] Unidade de lotação selecionada: CINQA
[19:48:23] Carregando lista de processos alvos...
[19:48:24] 23 processo(s) localizado(s) para inspeção.
[19:48:24] Iniciando navegador web (Microsoft Edge / Selenium)...
[19:48:26] Verificando autenticação no SEI...
[19:48:26] Tentando login automático no SEI para o órgão 'UERJ'...
[19:48:28] Atenção: Aguardando autenticação no SEI... Por favor, conclua o acesso no navegador aberto (Gov.br, Certificado Digital ou Usuário/Senha).
[19:48:44] Ainda aguardando login no SEI... (tempo restante: 73s)
[19:49:01] Ainda aguardando login no SEI... (tempo restante: 56s)
[19:49:17] Ainda aguardando login no SEI... (tempo restante: 40s)
[19:50:09] Iniciando esteira para módulo: Monitoramento atas feitas
[19:50:09] Unidade de lotação selecionada: CINQA
[19:50:09] Carregando lista de processos alvos...
[19:50:10] 23 processo(s) localizado(s) para inspeção.
[19:50:10] Iniciando navegador web (Microsoft Edge / Selenium)...
[19:50:33] Verificando autenticação no SEI...
[19:50:33] Tentando login automático no SEI para o órgão 'UERJ'...
[19:50:36] Atenção: Aguardando autenticação no SEI... Por favor, conclua o acesso no navegador aberto (Gov.br, Certificado Digital ou Usuário/Senha).
[19:50:52] Ainda aguardando login no SEI... (tempo restante: 73s)
[19:51:09] Ainda aguardando login no SEI... (tempo restante: 56s)
[19:51:26] Ainda aguardando login no SEI... (tempo restante: 39s)
[19:51:42] Ainda aguardando login no SEI... (tempo restante: 23s)
[19:51:59] Ainda aguardando login no SEI... (tempo restante: 6s)
[19:52:07] Tempo limite (90s) esgotado aguardando login no SEI.
[19:52:07] ERRO: Autenticação no SEI não foi confirmada dentro do prazo. Monitoramento cancelado.
[19:52:07] Encerrando sessão do navegador...
[20:01:37] Iniciando esteira para módulo: Monitoramento atas feitas
[20:01:37] Unidade de lotação selecionada: CINQA
[20:01:37] Carregando lista de processos alvos...
[20:01:38] 23 processo(s) localizado(s) para inspeção.
[20:01:38] Iniciando navegador web (Microsoft Edge / Selenium)...
[20:01:41] ERRO FATAL NA EXECUÇÃO: Não foi possível iniciar o Microsoft Edge: Message: session not created: Microsoft Edge failed to start: crashed.
  (session not created: DevToolsActivePort file doesn't exist)
  (The process started from msedge location C:\Program Files (x86)\Microsoft\Edge\Application\msedge.exe is no longer running, so msedgedriver is assuming that msedge has crashed.); For documentation on this error, please visit: https://www.selenium.dev/documentation/webdriver/troubleshooting/errors#sessionnotcreatedexception
Stacktrace:
	msedgedriver!GetHandleVerifier [0x7ff64f651ad5+4ca5]
	msedgedriver!(No symbol) [0x7ff64f5a2654]
	msedgedriver!GetHandleVerifier [0x7ff64f9d138f+38455f]
	msedgedriver!(No symbol) [0x7ff64f36dd27]
	msedgedriver!(No symbol) [0x7ff64f369923]
	msedgedriver!(No symbol) [0x7ff64f3abe7b]
	msedgedriver!(No symbol) [0x7ff64f3ab806]
	msedgedriver!(No symbol) [0x7ff64f37599c]
	msedgedriver!(No symbol) [0x7ff64f374c1d]
	msedgedriver!(No symbol) [0x7ff64f3757c3]
	msedgedriver!(No symbol) [0x7ff64f4abe52]
	msedgedriver!(No symbol) [0x7ff64f4bb879]
	msedgedriver!GetHandleVerifier [0x7ff64f6f9a05+acbd5]
	msedgedriver!GetHandleVerifier [0x7ff64f6ffee1+b30b1]
	msedgedriver!(No symbol) [0x7ff64f5ae3cf]
	msedgedriver!(No symbol) [0x7ff64f5a8da4]
	msedgedriver!(No symbol) [0x7ff64f5a8eca]
	msedgedriver!(No symbol) [0x7ff64f59a488]
	KERNEL32!BaseThreadInitThunk [0x7ff98936cd87+17]
	ntdll!RtlUserThreadStart [0x7ff98ab4caec+2c]

Verifique se o msedgedriver.exe está atualizado e compatível com a versão do Edge instalada.
Acesse: https://developer.microsoft.com/en-us/microsoft-edge/tools/webdriver/
[20:05:34] Iniciando esteira para módulo: Monitoramento atas feitas
[20:05:34] Unidade de lotação selecionada: CINQA
[20:05:34] Carregando lista de processos alvos...
[20:05:34] 23 processo(s) localizado(s) para inspeção.
[20:05:34] Iniciando navegador web (Microsoft Edge / Selenium)...
[20:05:46] Verificando autenticação no SEI...
[20:05:46] Tentando login automático no SEI para o órgão 'UERJ'...
[20:05:46] Tela de login do SEI-RJ identificada. Preenchendo credenciais para órgão 'UERJ'...
[20:05:52] Login no SEI-RJ realizado com sucesso!
[20:05:54] Login automático concluído com sucesso!
[20:05:54] Alternando contexto no SEI para a unidade 'CINQA'...
[20:06:06] Não foi possível alternar unidade pelo seletor padrão: Message: 
Stacktrace:
	msedgedriver!GetHandleVerifier [0x7ff64f651ad5+4ca5]
	msedgedriver!(No symbol) [0x7ff64f5a2654]
	msedgedriver!GetHandleVerifier [0x7ff64f9d138f+38455f]
	msedgedriver!(No symbol) [0x7ff64f37fed8]
	msedgedriver!(No symbol) [0x7ff64f38015a]
	msedgedriver!(No symbol) [0x7ff64f3bfd27]
	msedgedriver!(No symbol) [0x7ff64f37615f]
	msedgedriver!(No symbol) [0x7ff64f3bd968]
	msedgedriver!(No symbol) [0x7ff64f37599c]
	msedgedriver!(No symbol) [0x7ff64f374c1d]
	msedgedriver!(No symbol) [0x7ff64f3757c3]
	msedgedriver!(No symbol) [0x7ff64f4abe52]
	msedgedriver!(No symbol) [0x7ff64f4bb879]
	msedgedriver!GetHandleVerifier [0x7ff64f6f9a05+acbd5]
	msedgedriver!GetHandleVerifier [0x7ff64f6ffee1+b30b1]
	msedgedriver!(No symbol) [0x7ff64f5ae3cf]
	msedgedriver!(No symbol) [0x7ff64f5a8da4]
	msedgedriver!(No symbol) [0x7ff64f5a8eca]
	msedgedriver!(No symbol) [0x7ff64f59a488]
	KERNEL32!BaseThreadInitThunk [0x7ff98936cd87+17]
	ntdll!RtlUserThreadStart [0x7ff98ab4caec+2c]

[20:06:06] [1/23] Inspecionando processo: SEI-260006/017555/2026
[20:06:06] Processo SEI-260006/017555/2026 possui link direto na planilha. Acessando URL...
[20:06:20] Aviso: Não foi possível abrir pelo link direto (Message: 
Stacktrace:
	msedgedriver!GetHandleVerifier [0x7ff64f651ad5+4ca5]
	msedgedriver!(No symbol) [0x7ff64f5a2654]
	msedgedriver!GetHandleVerifier [0x7ff64f9d138f+38455f]
	msedgedriver!(No symbol) [0x7ff64f37fed8]
	msedgedriver!(No symbol) [0x7ff64f38015a]
	msedgedriver!(No symbol) [0x7ff64f3bfd27]
	msedgedriver!(No symbol) [0x7ff64f37615f]
	msedgedriver!(No symbol) [0x7ff64f3bd968]
	msedgedriver!(No symbol) [0x7ff64f37599c]
	msedgedriver!(No symbol) [0x7ff64f374c1d]
	msedgedriver!(No symbol) [0x7ff64f3757c3]
	msedgedriver!(No symbol) [0x7ff64f4abe52]
	msedgedriver!(No symbol) [0x7ff64f4bb879]
	msedgedriver!GetHandleVerifier [0x7ff64f6f9a05+acbd5]
	msedgedriver!GetHandleVerifier [0x7ff64f6ffee1+b30b1]
	msedgedriver!(No symbol) [0x7ff64f5ae3cf]
	msedgedriver!(No symbol) [0x7ff64f5a8da4]
	msedgedriver!(No symbol) [0x7ff64f5a8eca]
	msedgedriver!(No symbol) [0x7ff64f59a488]
	KERNEL32!BaseThreadInitThunk [0x7ff98936cd87+17]
	ntdll!RtlUserThreadStart [0x7ff98ab4caec+2c]
). Recorrendo ao campo de busca...
[20:06:20] Digitando processo SEI-260006/017555/2026 no campo de busca da janela...
[20:06:44] Aviso na tentativa de busca por 'SEI-260006/017555/2026': Message: 
Stacktrace:
	msedgedriver!GetHandleVerifier [0x7ff64f651ad5+4ca5]
	msedgedriver!(No symbol) [0x7ff64f5a2654]
	msedgedriver!GetHandleVerifier [0x7ff64f9d138f+38455f]
	msedgedriver!(No symbol) [0x7ff64f37fed8]
	msedgedriver!(No symbol) [0x7ff64f38015a]
	msedgedriver!(No symbol) [0x7ff64f3bfd27]
	msedgedriver!(No symbol) [0x7ff64f37615f]
	msedgedriver!(No symbol) [0x7ff64f3bd968]
	msedgedriver!(No symbol) [0x7ff64f37599c]
	msedgedriver!(No symbol) [0x7ff64f374c1d]
	msedgedriver!(No symbol) [0x7ff64f3757c3]
	msedgedriver!(No symbol) [0x7ff64f4abe52]
	msedgedriver!(No symbol) [0x7ff64f4bb879]
	msedgedriver!GetHandleVerifier [0x7ff64f6f9a05+acbd5]
	msedgedriver!GetHandleVerifier [0x7ff64f6ffee1+b30b1]
	msedgedriver!(No symbol) [0x7ff64f5ae3cf]
	msedgedriver!(No symbol) [0x7ff64f5a8da4]
	msedgedriver!(No symbol) [0x7ff64f5a8eca]
	msedgedriver!(No symbol) [0x7ff64f59a488]
	KERNEL32!BaseThreadInitThunk [0x7ff98936cd87+17]
	ntdll!RtlUserThreadStart [0x7ff98ab4caec+2c]

[20:07:07] Aviso na tentativa de busca por '260006/017555/2026': Message: 
Stacktrace:
	msedgedriver!GetHandleVerifier [0x7ff64f651ad5+4ca5]
	msedgedriver!(No symbol) [0x7ff64f5a2654]
	msedgedriver!GetHandleVerifier [0x7ff64f9d138f+38455f]
	msedgedriver!(No symbol) [0x7ff64f37fed8]
	msedgedriver!(No symbol) [0x7ff64f38015a]
	msedgedriver!(No symbol) [0x7ff64f3bfd27]
	msedgedriver!(No symbol) [0x7ff64f37615f]
	msedgedriver!(No symbol) [0x7ff64f3bd968]
	msedgedriver!(No symbol) [0x7ff64f37599c]
	msedgedriver!(No symbol) [0x7ff64f374c1d]
	msedgedriver!(No symbol) [0x7ff64f3757c3]
	msedgedriver!(No symbol) [0x7ff64f4abe52]
	msedgedriver!(No symbol) [0x7ff64f4bb879]
	msedgedriver!GetHandleVerifier [0x7ff64f6f9a05+acbd5]
	msedgedriver!GetHandleVerifier [0x7ff64f6ffee1+b30b1]
	msedgedriver!(No symbol) [0x7ff64f5ae3cf]
	msedgedriver!(No symbol) [0x7ff64f5a8da4]
	msedgedriver!(No symbol) [0x7ff64f5a8eca]
	msedgedriver!(No symbol) [0x7ff64f59a488]
	KERNEL32!BaseThreadInitThunk [0x7ff98936cd87+17]
	ntdll!RtlUserThreadStart [0x7ff98ab4caec+2c]

[20:07:07] Falha ao pesquisar/abrir o processo SEI-260006/017555/2026 após tentar formatos alternativos.
[20:07:07] Aviso: Falha ao abrir o processo SEI-260006/017555/2026 (não localizado ou restrito).
[20:07:08] [2/23] Inspecionando processo: SEI-260006/001087/2026
[20:07:08] Digitando processo SEI-260006/001087/2026 no campo de busca da janela...
[20:07:30] Aviso na tentativa de busca por 'SEI-260006/001087/2026': Message: 
Stacktrace:
	msedgedriver!GetHandleVerifier [0x7ff64f651ad5+4ca5]
	msedgedriver!(No symbol) [0x7ff64f5a2654]
	msedgedriver!GetHandleVerifier [0x7ff64f9d138f+38455f]
	msedgedriver!(No symbol) [0x7ff64f37fed8]
	msedgedriver!(No symbol) [0x7ff64f38015a]
	msedgedriver!(No symbol) [0x7ff64f3bfd27]
	msedgedriver!(No symbol) [0x7ff64f37615f]
	msedgedriver!(No symbol) [0x7ff64f3bd968]
	msedgedriver!(No symbol) [0x7ff64f37599c]
	msedgedriver!(No symbol) [0x7ff64f374c1d]
	msedgedriver!(No symbol) [0x7ff64f3757c3]
	msedgedriver!(No symbol) [0x7ff64f4abe52]
	msedgedriver!(No symbol) [0x7ff64f4bb879]
	msedgedriver!GetHandleVerifier [0x7ff64f6f9a05+acbd5]
	msedgedriver!GetHandleVerifier [0x7ff64f6ffee1+b30b1]
	msedgedriver!(No symbol) [0x7ff64f5ae3cf]
	msedgedriver!(No symbol) [0x7ff64f5a8da4]
	msedgedriver!(No symbol) [0x7ff64f5a8eca]
	msedgedriver!(No symbol) [0x7ff64f59a488]
	KERNEL32!BaseThreadInitThunk [0x7ff98936cd87+17]
	ntdll!RtlUserThreadStart [0x7ff98ab4caec+2c]

[20:07:52] Aviso na tentativa de busca por '260006/001087/2026': Message: 
Stacktrace:
	msedgedriver!GetHandleVerifier [0x7ff64f651ad5+4ca5]
	msedgedriver!(No symbol) [0x7ff64f5a2654]
	msedgedriver!GetHandleVerifier [0x7ff64f9d138f+38455f]
	msedgedriver!(No symbol) [0x7ff64f37fed8]
	msedgedriver!(No symbol) [0x7ff64f38015a]
	msedgedriver!(No symbol) [0x7ff64f3bfd27]
	msedgedriver!(No symbol) [0x7ff64f37615f]
	msedgedriver!(No symbol) [0x7ff64f3bd968]
	msedgedriver!(No symbol) [0x7ff64f37599c]
	msedgedriver!(No symbol) [0x7ff64f374c1d]
	msedgedriver!(No symbol) [0x7ff64f3757c3]
	msedgedriver!(No symbol) [0x7ff64f4abe52]
	msedgedriver!(No symbol) [0x7ff64f4bb879]
	msedgedriver!GetHandleVerifier [0x7ff64f6f9a05+acbd5]
	msedgedriver!GetHandleVerifier [0x7ff64f6ffee1+b30b1]
	msedgedriver!(No symbol) [0x7ff64f5ae3cf]
	msedgedriver!(No symbol) [0x7ff64f5a8da4]
	msedgedriver!(No symbol) [0x7ff64f5a8eca]
	msedgedriver!(No symbol) [0x7ff64f59a488]
	KERNEL32!BaseThreadInitThunk [0x7ff98936cd87+17]
	ntdll!RtlUserThreadStart [0x7ff98ab4caec+2c]

[20:07:52] Falha ao pesquisar/abrir o processo SEI-260006/001087/2026 após tentar formatos alternativos.
[20:07:52] Aviso: Falha ao abrir o processo SEI-260006/001087/2026 (não localizado ou restrito).
[20:07:53] [3/23] Inspecionando processo: SEI-260006/054138/2025
[20:07:53] Digitando processo SEI-260006/054138/2025 no campo de busca da janela...
[20:08:15] Aviso na tentativa de busca por 'SEI-260006/054138/2025': Message: 
Stacktrace:
	msedgedriver!GetHandleVerifier [0x7ff64f651ad5+4ca5]
	msedgedriver!(No symbol) [0x7ff64f5a2654]
	msedgedriver!GetHandleVerifier [0x7ff64f9d138f+38455f]
	msedgedriver!(No symbol) [0x7ff64f37fed8]
	msedgedriver!(No symbol) [0x7ff64f38015a]
	msedgedriver!(No symbol) [0x7ff64f3bfd27]
	msedgedriver!(No symbol) [0x7ff64f37615f]
	msedgedriver!(No symbol) [0x7ff64f3bd968]
	msedgedriver!(No symbol) [0x7ff64f37599c]
	msedgedriver!(No symbol) [0x7ff64f374c1d]
	msedgedriver!(No symbol) [0x7ff64f3757c3]
	msedgedriver!(No symbol) [0x7ff64f4abe52]
	msedgedriver!(No symbol) [0x7ff64f4bb879]
	msedgedriver!GetHandleVerifier [0x7ff64f6f9a05+acbd5]
	msedgedriver!GetHandleVerifier [0x7ff64f6ffee1+b30b1]
	msedgedriver!(No symbol) [0x7ff64f5ae3cf]
	msedgedriver!(No symbol) [0x7ff64f5a8da4]
	msedgedriver!(No symbol) [0x7ff64f5a8eca]
	msedgedriver!(No symbol) [0x7ff64f59a488]
	KERNEL32!BaseThreadInitThunk [0x7ff98936cd87+17]
	ntdll!RtlUserThreadStart [0x7ff98ab4caec+2c]

[20:08:36] Aviso na tentativa de busca por '260006/054138/2025': Message: 
Stacktrace:
	msedgedriver!GetHandleVerifier [0x7ff64f651ad5+4ca5]
	msedgedriver!(No symbol) [0x7ff64f5a2654]
	msedgedriver!GetHandleVerifier [0x7ff64f9d138f+38455f]
	msedgedriver!(No symbol) [0x7ff64f37fed8]
	msedgedriver!(No symbol) [0x7ff64f38015a]
	msedgedriver!(No symbol) [0x7ff64f3bfd27]
	msedgedriver!(No symbol) [0x7ff64f37615f]
	msedgedriver!(No symbol) [0x7ff64f3bd968]
	msedgedriver!(No symbol) [0x7ff64f37599c]
	msedgedriver!(No symbol) [0x7ff64f374c1d]
	msedgedriver!(No symbol) [0x7ff64f3757c3]
	msedgedriver!(No symbol) [0x7ff64f4abe52]
	msedgedriver!(No symbol) [0x7ff64f4bb879]
	msedgedriver!GetHandleVerifier [0x7ff64f6f9a05+acbd5]
	msedgedriver!GetHandleVerifier [0x7ff64f6ffee1+b30b1]
	msedgedriver!(No symbol) [0x7ff64f5ae3cf]
	msedgedriver!(No symbol) [0x7ff64f5a8da4]
	msedgedriver!(No symbol) [0x7ff64f5a8eca]
	msedgedriver!(No symbol) [0x7ff64f59a488]
	KERNEL32!BaseThreadInitThunk [0x7ff98936cd87+17]
	ntdll!RtlUserThreadStart [0x7ff98ab4caec+2c]

[20:08:36] Falha ao pesquisar/abrir o processo SEI-260006/054138/2025 após tentar formatos alternativos.
[20:08:36] Aviso: Falha ao abrir o processo SEI-260006/054138/2025 (não localizado ou restrito).
[20:08:37] [4/23] Inspecionando processo: SEI-260006/006535/2026
[20:08:37] Digitando processo SEI-260006/006535/2026 no campo de busca da janela...
[20:08:59] Aviso na tentativa de busca por 'SEI-260006/006535/2026': Message: 
Stacktrace:
	msedgedriver!GetHandleVerifier [0x7ff64f651ad5+4ca5]
	msedgedriver!(No symbol) [0x7ff64f5a2654]
	msedgedriver!GetHandleVerifier [0x7ff64f9d138f+38455f]
	msedgedriver!(No symbol) [0x7ff64f37fed8]
	msedgedriver!(No symbol) [0x7ff64f38015a]
	msedgedriver!(No symbol) [0x7ff64f3bfd27]
	msedgedriver!(No symbol) [0x7ff64f37615f]
	msedgedriver!(No symbol) [0x7ff64f3bd968]
	msedgedriver!(No symbol) [0x7ff64f37599c]
	msedgedriver!(No symbol) [0x7ff64f374c1d]
	msedgedriver!(No symbol) [0x7ff64f3757c3]
	msedgedriver!(No symbol) [0x7ff64f4abe52]
	msedgedriver!(No symbol) [0x7ff64f4bb879]
	msedgedriver!GetHandleVerifier [0x7ff64f6f9a05+acbd5]
	msedgedriver!GetHandleVerifier [0x7ff64f6ffee1+b30b1]
	msedgedriver!(No symbol) [0x7ff64f5ae3cf]
	msedgedriver!(No symbol) [0x7ff64f5a8da4]
	msedgedriver!(No symbol) [0x7ff64f5a8eca]
	msedgedriver!(No symbol) [0x7ff64f59a488]
	KERNEL32!BaseThreadInitThunk [0x7ff98936cd87+17]
	ntdll!RtlUserThreadStart [0x7ff98ab4caec+2c]

[20:09:21] Aviso na tentativa de busca por '260006/006535/2026': Message: 
Stacktrace:
	msedgedriver!GetHandleVerifier [0x7ff64f651ad5+4ca5]
	msedgedriver!(No symbol) [0x7ff64f5a2654]
	msedgedriver!GetHandleVerifier [0x7ff64f9d138f+38455f]
	msedgedriver!(No symbol) [0x7ff64f37fed8]
	msedgedriver!(No symbol) [0x7ff64f38015a]
	msedgedriver!(No symbol) [0x7ff64f3bfd27]
	msedgedriver!(No symbol) [0x7ff64f37615f]
	msedgedriver!(No symbol) [0x7ff64f3bd968]
	msedgedriver!(No symbol) [0x7ff64f37599c]
	msedgedriver!(No symbol) [0x7ff64f374c1d]
	msedgedriver!(No symbol) [0x7ff64f3757c3]
	msedgedriver!(No symbol) [0x7ff64f4abe52]
	msedgedriver!(No symbol) [0x7ff64f4bb879]
	msedgedriver!GetHandleVerifier [0x7ff64f6f9a05+acbd5]
	msedgedriver!GetHandleVerifier [0x7ff64f6ffee1+b30b1]
	msedgedriver!(No symbol) [0x7ff64f5ae3cf]
	msedgedriver!(No symbol) [0x7ff64f5a8da4]
	msedgedriver!(No symbol) [0x7ff64f5a8eca]
	msedgedriver!(No symbol) [0x7ff64f59a488]
	KERNEL32!BaseThreadInitThunk [0x7ff98936cd87+17]
	ntdll!RtlUserThreadStart [0x7ff98ab4caec+2c]

[20:09:21] Falha ao pesquisar/abrir o processo SEI-260006/006535/2026 após tentar formatos alternativos.
[20:09:21] Aviso: Falha ao abrir o processo SEI-260006/006535/2026 (não localizado ou restrito).
[20:09:22] [5/23] Inspecionando processo: SEI-260006/017550/2026
[20:09:22] Digitando processo SEI-260006/017550/2026 no campo de busca da janela...
[20:09:44] Aviso na tentativa de busca por 'SEI-260006/017550/2026': Message: 
Stacktrace:
	msedgedriver!GetHandleVerifier [0x7ff64f651ad5+4ca5]
	msedgedriver!(No symbol) [0x7ff64f5a2654]
	msedgedriver!GetHandleVerifier [0x7ff64f9d138f+38455f]
	msedgedriver!(No symbol) [0x7ff64f37fed8]
	msedgedriver!(No symbol) [0x7ff64f38015a]
	msedgedriver!(No symbol) [0x7ff64f3bfd27]
	msedgedriver!(No symbol) [0x7ff64f37615f]
	msedgedriver!(No symbol) [0x7ff64f3bd968]
	msedgedriver!(No symbol) [0x7ff64f37599c]
	msedgedriver!(No symbol) [0x7ff64f374c1d]
	msedgedriver!(No symbol) [0x7ff64f3757c3]
	msedgedriver!(No symbol) [0x7ff64f4abe52]
	msedgedriver!(No symbol) [0x7ff64f4bb879]
	msedgedriver!GetHandleVerifier [0x7ff64f6f9a05+acbd5]
	msedgedriver!GetHandleVerifier [0x7ff64f6ffee1+b30b1]
	msedgedriver!(No symbol) [0x7ff64f5ae3cf]
	msedgedriver!(No symbol) [0x7ff64f5a8da4]
	msedgedriver!(No symbol) [0x7ff64f5a8eca]
	msedgedriver!(No symbol) [0x7ff64f59a488]
	KERNEL32!BaseThreadInitThunk [0x7ff98936cd87+17]
	ntdll!RtlUserThreadStart [0x7ff98ab4caec+2c]

[20:10:05] Aviso na tentativa de busca por '260006/017550/2026': Message: 
Stacktrace:
	msedgedriver!GetHandleVerifier [0x7ff64f651ad5+4ca5]
	msedgedriver!(No symbol) [0x7ff64f5a2654]
	msedgedriver!GetHandleVerifier [0x7ff64f9d138f+38455f]
	msedgedriver!(No symbol) [0x7ff64f37fed8]
	msedgedriver!(No symbol) [0x7ff64f38015a]
	msedgedriver!(No symbol) [0x7ff64f3bfd27]
	msedgedriver!(No symbol) [0x7ff64f37615f]
	msedgedriver!(No symbol) [0x7ff64f3bd968]
	msedgedriver!(No symbol) [0x7ff64f37599c]
	msedgedriver!(No symbol) [0x7ff64f374c1d]
	msedgedriver!(No symbol) [0x7ff64f3757c3]
	msedgedriver!(No symbol) [0x7ff64f4abe52]
	msedgedriver!(No symbol) [0x7ff64f4bb879]
	msedgedriver!GetHandleVerifier [0x7ff64f6f9a05+acbd5]
	msedgedriver!GetHandleVerifier [0x7ff64f6ffee1+b30b1]
	msedgedriver!(No symbol) [0x7ff64f5ae3cf]
	msedgedriver!(No symbol) [0x7ff64f5a8da4]
	msedgedriver!(No symbol) [0x7ff64f5a8eca]
	msedgedriver!(No symbol) [0x7ff64f59a488]
	KERNEL32!BaseThreadInitThunk [0x7ff98936cd87+17]
	ntdll!RtlUserThreadStart [0x7ff98ab4caec+2c]

[20:10:05] Falha ao pesquisar/abrir o processo SEI-260006/017550/2026 após tentar formatos alternativos.
[20:10:05] Aviso: Falha ao abrir o processo SEI-260006/017550/2026 (não localizado ou restrito).
[20:10:06] [6/23] Inspecionando processo: SEI-260006/004904/2026
[20:10:06] Digitando processo SEI-260006/004904/2026 no campo de busca da janela...
[20:10:28] Aviso na tentativa de busca por 'SEI-260006/004904/2026': Message: 
Stacktrace:
	msedgedriver!GetHandleVerifier [0x7ff64f651ad5+4ca5]
	msedgedriver!(No symbol) [0x7ff64f5a2654]
	msedgedriver!GetHandleVerifier [0x7ff64f9d138f+38455f]
	msedgedriver!(No symbol) [0x7ff64f37fed8]
	msedgedriver!(No symbol) [0x7ff64f38015a]
	msedgedriver!(No symbol) [0x7ff64f3bfd27]
	msedgedriver!(No symbol) [0x7ff64f37615f]
	msedgedriver!(No symbol) [0x7ff64f3bd968]
	msedgedriver!(No symbol) [0x7ff64f37599c]
	msedgedriver!(No symbol) [0x7ff64f374c1d]
	msedgedriver!(No symbol) [0x7ff64f3757c3]
	msedgedriver!(No symbol) [0x7ff64f4abe52]
	msedgedriver!(No symbol) [0x7ff64f4bb879]
	msedgedriver!GetHandleVerifier [0x7ff64f6f9a05+acbd5]
	msedgedriver!GetHandleVerifier [0x7ff64f6ffee1+b30b1]
	msedgedriver!(No symbol) [0x7ff64f5ae3cf]
	msedgedriver!(No symbol) [0x7ff64f5a8da4]
	msedgedriver!(No symbol) [0x7ff64f5a8eca]
	msedgedriver!(No symbol) [0x7ff64f59a488]
	KERNEL32!BaseThreadInitThunk [0x7ff98936cd87+17]
	ntdll!RtlUserThreadStart [0x7ff98ab4caec+2c]

[20:10:50] Aviso na tentativa de busca por '260006/004904/2026': Message: 
Stacktrace:
	msedgedriver!GetHandleVerifier [0x7ff64f651ad5+4ca5]
	msedgedriver!(No symbol) [0x7ff64f5a2654]
	msedgedriver!GetHandleVerifier [0x7ff64f9d138f+38455f]
	msedgedriver!(No symbol) [0x7ff64f37fed8]
	msedgedriver!(No symbol) [0x7ff64f38015a]
	msedgedriver!(No symbol) [0x7ff64f3bfd27]
	msedgedriver!(No symbol) [0x7ff64f37615f]
	msedgedriver!(No symbol) [0x7ff64f3bd968]
	msedgedriver!(No symbol) [0x7ff64f37599c]
	msedgedriver!(No symbol) [0x7ff64f374c1d]
	msedgedriver!(No symbol) [0x7ff64f3757c3]
	msedgedriver!(No symbol) [0x7ff64f4abe52]
	msedgedriver!(No symbol) [0x7ff64f4bb879]
	msedgedriver!GetHandleVerifier [0x7ff64f6f9a05+acbd5]
	msedgedriver!GetHandleVerifier [0x7ff64f6ffee1+b30b1]
	msedgedriver!(No symbol) [0x7ff64f5ae3cf]
	msedgedriver!(No symbol) [0x7ff64f5a8da4]
	msedgedriver!(No symbol) [0x7ff64f5a8eca]
	msedgedriver!(No symbol) [0x7ff64f59a488]
	KERNEL32!BaseThreadInitThunk [0x7ff98936cd87+17]
	ntdll!RtlUserThreadStart [0x7ff98ab4caec+2c]

[20:10:50] Falha ao pesquisar/abrir o processo SEI-260006/004904/2026 após tentar formatos alternativos.
[20:10:50] Aviso: Falha ao abrir o processo SEI-260006/004904/2026 (não localizado ou restrito).
[20:10:51] [7/23] Inspecionando processo: SEI-260006/049393/2025
[20:10:51] Digitando processo SEI-260006/049393/2025 no campo de busca da janela...
[20:11:14] Aviso na tentativa de busca por 'SEI-260006/049393/2025': Message: 
Stacktrace:
	msedgedriver!GetHandleVerifier [0x7ff64f651ad5+4ca5]
	msedgedriver!(No symbol) [0x7ff64f5a2654]
	msedgedriver!GetHandleVerifier [0x7ff64f9d138f+38455f]
	msedgedriver!(No symbol) [0x7ff64f37fed8]
	msedgedriver!(No symbol) [0x7ff64f38015a]
	msedgedriver!(No symbol) [0x7ff64f3bfd27]
	msedgedriver!(No symbol) [0x7ff64f37615f]
	msedgedriver!(No symbol) [0x7ff64f3bd968]
	msedgedriver!(No symbol) [0x7ff64f37599c]
	msedgedriver!(No symbol) [0x7ff64f374c1d]
	msedgedriver!(No symbol) [0x7ff64f3757c3]
	msedgedriver!(No symbol) [0x7ff64f4abe52]
	msedgedriver!(No symbol) [0x7ff64f4bb879]
	msedgedriver!GetHandleVerifier [0x7ff64f6f9a05+acbd5]
	msedgedriver!GetHandleVerifier [0x7ff64f6ffee1+b30b1]
	msedgedriver!(No symbol) [0x7ff64f5ae3cf]
	msedgedriver!(No symbol) [0x7ff64f5a8da4]
	msedgedriver!(No symbol) [0x7ff64f5a8eca]
	msedgedriver!(No symbol) [0x7ff64f59a488]
	KERNEL32!BaseThreadInitThunk [0x7ff98936cd87+17]
	ntdll!RtlUserThreadStart [0x7ff98ab4caec+2c]

[20:11:35] Aviso na tentativa de busca por '260006/049393/2025': Message: 
Stacktrace:
	msedgedriver!GetHandleVerifier [0x7ff64f651ad5+4ca5]
	msedgedriver!(No symbol) [0x7ff64f5a2654]
	msedgedriver!GetHandleVerifier [0x7ff64f9d138f+38455f]
	msedgedriver!(No symbol) [0x7ff64f37fed8]
	msedgedriver!(No symbol) [0x7ff64f38015a]
	msedgedriver!(No symbol) [0x7ff64f3bfd27]
	msedgedriver!(No symbol) [0x7ff64f37615f]
	msedgedriver!(No symbol) [0x7ff64f3bd968]
	msedgedriver!(No symbol) [0x7ff64f37599c]
	msedgedriver!(No symbol) [0x7ff64f374c1d]
	msedgedriver!(No symbol) [0x7ff64f3757c3]
	msedgedriver!(No symbol) [0x7ff64f4abe52]
	msedgedriver!(No symbol) [0x7ff64f4bb879]
	msedgedriver!GetHandleVerifier [0x7ff64f6f9a05+acbd5]
	msedgedriver!GetHandleVerifier [0x7ff64f6ffee1+b30b1]
	msedgedriver!(No symbol) [0x7ff64f5ae3cf]
	msedgedriver!(No symbol) [0x7ff64f5a8da4]
	msedgedriver!(No symbol) [0x7ff64f5a8eca]
	msedgedriver!(No symbol) [0x7ff64f59a488]
	KERNEL32!BaseThreadInitThunk [0x7ff98936cd87+17]
	ntdll!RtlUserThreadStart [0x7ff98ab4caec+2c]

[20:11:35] Falha ao pesquisar/abrir o processo SEI-260006/049393/2025 após tentar formatos alternativos.
[20:11:35] Aviso: Falha ao abrir o processo SEI-260006/049393/2025 (não localizado ou restrito).
[20:11:36] [8/23] Inspecionando processo: SEI-260006/031398/2024
[20:11:36] Digitando processo SEI-260006/031398/2024 no campo de busca da janela...
[20:11:59] Aviso na tentativa de busca por 'SEI-260006/031398/2024': Message: 
Stacktrace:
	msedgedriver!GetHandleVerifier [0x7ff64f651ad5+4ca5]
	msedgedriver!(No symbol) [0x7ff64f5a2654]
	msedgedriver!GetHandleVerifier [0x7ff64f9d138f+38455f]
	msedgedriver!(No symbol) [0x7ff64f37fed8]
	msedgedriver!(No symbol) [0x7ff64f38015a]
	msedgedriver!(No symbol) [0x7ff64f3bfd27]
	msedgedriver!(No symbol) [0x7ff64f37615f]
	msedgedriver!(No symbol) [0x7ff64f3bd968]
	msedgedriver!(No symbol) [0x7ff64f37599c]
	msedgedriver!(No symbol) [0x7ff64f374c1d]
	msedgedriver!(No symbol) [0x7ff64f3757c3]
	msedgedriver!(No symbol) [0x7ff64f4abe52]
	msedgedriver!(No symbol) [0x7ff64f4bb879]
	msedgedriver!GetHandleVerifier [0x7ff64f6f9a05+acbd5]
	msedgedriver!GetHandleVerifier [0x7ff64f6ffee1+b30b1]
	msedgedriver!(No symbol) [0x7ff64f5ae3cf]
	msedgedriver!(No symbol) [0x7ff64f5a8da4]
	msedgedriver!(No symbol) [0x7ff64f5a8eca]
	msedgedriver!(No symbol) [0x7ff64f59a488]
	KERNEL32!BaseThreadInitThunk [0x7ff98936cd87+17]
	ntdll!RtlUserThreadStart [0x7ff98ab4caec+2c]

[20:12:21] Aviso na tentativa de busca por '260006/031398/2024': Message: 
Stacktrace:
	msedgedriver!GetHandleVerifier [0x7ff64f651ad5+4ca5]
	msedgedriver!(No symbol) [0x7ff64f5a2654]
	msedgedriver!GetHandleVerifier [0x7ff64f9d138f+38455f]
	msedgedriver!(No symbol) [0x7ff64f37fed8]
	msedgedriver!(No symbol) [0x7ff64f38015a]
	msedgedriver!(No symbol) [0x7ff64f3bfd27]
	msedgedriver!(No symbol) [0x7ff64f37615f]
	msedgedriver!(No symbol) [0x7ff64f3bd968]
	msedgedriver!(No symbol) [0x7ff64f37599c]
	msedgedriver!(No symbol) [0x7ff64f374c1d]
	msedgedriver!(No symbol) [0x7ff64f3757c3]
	msedgedriver!(No symbol) [0x7ff64f4abe52]
	msedgedriver!(No symbol) [0x7ff64f4bb879]
	msedgedriver!GetHandleVerifier [0x7ff64f6f9a05+acbd5]
	msedgedriver!GetHandleVerifier [0x7ff64f6ffee1+b30b1]
	msedgedriver!(No symbol) [0x7ff64f5ae3cf]
	msedgedriver!(No symbol) [0x7ff64f5a8da4]
	msedgedriver!(No symbol) [0x7ff64f5a8eca]
	msedgedriver!(No symbol) [0x7ff64f59a488]
	KERNEL32!BaseThreadInitThunk [0x7ff98936cd87+17]
	ntdll!RtlUserThreadStart [0x7ff98ab4caec+2c]

[20:12:21] Falha ao pesquisar/abrir o processo SEI-260006/031398/2024 após tentar formatos alternativos.
[20:12:21] Aviso: Falha ao abrir o processo SEI-260006/031398/2024 (não localizado ou restrito).
[20:12:22] [9/23] Inspecionando processo: SEI-260006/021953/2026
[20:12:22] Digitando processo SEI-260006/021953/2026 no campo de busca da janela...
[20:12:45] Aviso na tentativa de busca por 'SEI-260006/021953/2026': Message: 
Stacktrace:
	msedgedriver!GetHandleVerifier [0x7ff64f651ad5+4ca5]
	msedgedriver!(No symbol) [0x7ff64f5a2654]
	msedgedriver!GetHandleVerifier [0x7ff64f9d138f+38455f]
	msedgedriver!(No symbol) [0x7ff64f37fed8]
	msedgedriver!(No symbol) [0x7ff64f38015a]
	msedgedriver!(No symbol) [0x7ff64f3bfd27]
	msedgedriver!(No symbol) [0x7ff64f37615f]
	msedgedriver!(No symbol) [0x7ff64f3bd968]
	msedgedriver!(No symbol) [0x7ff64f37599c]
	msedgedriver!(No symbol) [0x7ff64f374c1d]
	msedgedriver!(No symbol) [0x7ff64f3757c3]
	msedgedriver!(No symbol) [0x7ff64f4abe52]
	msedgedriver!(No symbol) [0x7ff64f4bb879]
	msedgedriver!GetHandleVerifier [0x7ff64f6f9a05+acbd5]
	msedgedriver!GetHandleVerifier [0x7ff64f6ffee1+b30b1]
	msedgedriver!(No symbol) [0x7ff64f5ae3cf]
	msedgedriver!(No symbol) [0x7ff64f5a8da4]
	msedgedriver!(No symbol) [0x7ff64f5a8eca]
	msedgedriver!(No symbol) [0x7ff64f59a488]
	KERNEL32!BaseThreadInitThunk [0x7ff98936cd87+17]
	ntdll!RtlUserThreadStart [0x7ff98ab4caec+2c]

[20:13:06] Aviso na tentativa de busca por '260006/021953/2026': Message: 
Stacktrace:
	msedgedriver!GetHandleVerifier [0x7ff64f651ad5+4ca5]
	msedgedriver!(No symbol) [0x7ff64f5a2654]
	msedgedriver!GetHandleVerifier [0x7ff64f9d138f+38455f]
	msedgedriver!(No symbol) [0x7ff64f37fed8]
	msedgedriver!(No symbol) [0x7ff64f38015a]
	msedgedriver!(No symbol) [0x7ff64f3bfd27]
	msedgedriver!(No symbol) [0x7ff64f37615f]
	msedgedriver!(No symbol) [0x7ff64f3bd968]
	msedgedriver!(No symbol) [0x7ff64f37599c]
	msedgedriver!(No symbol) [0x7ff64f374c1d]
	msedgedriver!(No symbol) [0x7ff64f3757c3]
	msedgedriver!(No symbol) [0x7ff64f4abe52]
	msedgedriver!(No symbol) [0x7ff64f4bb879]
	msedgedriver!GetHandleVerifier [0x7ff64f6f9a05+acbd5]
	msedgedriver!GetHandleVerifier [0x7ff64f6ffee1+b30b1]
	msedgedriver!(No symbol) [0x7ff64f5ae3cf]
	msedgedriver!(No symbol) [0x7ff64f5a8da4]
	msedgedriver!(No symbol) [0x7ff64f5a8eca]
	msedgedriver!(No symbol) [0x7ff64f59a488]
	KERNEL32!BaseThreadInitThunk [0x7ff98936cd87+17]
	ntdll!RtlUserThreadStart [0x7ff98ab4caec+2c]

[20:13:06] Falha ao pesquisar/abrir o processo SEI-260006/021953/2026 após tentar formatos alternativos.
[20:13:06] Aviso: Falha ao abrir o processo SEI-260006/021953/2026 (não localizado ou restrito).
[20:13:07] [10/23] Inspecionando processo: SEI-260006/020608/2024
[20:13:07] Digitando processo SEI-260006/020608/2024 no campo de busca da janela...
[20:13:29] Aviso na tentativa de busca por 'SEI-260006/020608/2024': Message: 
Stacktrace:
	msedgedriver!GetHandleVerifier [0x7ff64f651ad5+4ca5]
	msedgedriver!(No symbol) [0x7ff64f5a2654]
	msedgedriver!GetHandleVerifier [0x7ff64f9d138f+38455f]
	msedgedriver!(No symbol) [0x7ff64f37fed8]
	msedgedriver!(No symbol) [0x7ff64f38015a]
	msedgedriver!(No symbol) [0x7ff64f3bfd27]
	msedgedriver!(No symbol) [0x7ff64f37615f]
	msedgedriver!(No symbol) [0x7ff64f3bd968]
	msedgedriver!(No symbol) [0x7ff64f37599c]
	msedgedriver!(No symbol) [0x7ff64f374c1d]
	msedgedriver!(No symbol) [0x7ff64f3757c3]
	msedgedriver!(No symbol) [0x7ff64f4abe52]
	msedgedriver!(No symbol) [0x7ff64f4bb879]
	msedgedriver!GetHandleVerifier [0x7ff64f6f9a05+acbd5]
	msedgedriver!GetHandleVerifier [0x7ff64f6ffee1+b30b1]
	msedgedriver!(No symbol) [0x7ff64f5ae3cf]
	msedgedriver!(No symbol) [0x7ff64f5a8da4]
	msedgedriver!(No symbol) [0x7ff64f5a8eca]
	msedgedriver!(No symbol) [0x7ff64f59a488]
	KERNEL32!BaseThreadInitThunk [0x7ff98936cd87+17]
	ntdll!RtlUserThreadStart [0x7ff98ab4caec+2c]

[20:13:51] Aviso na tentativa de busca por '260006/020608/2024': Message: 
Stacktrace:
	msedgedriver!GetHandleVerifier [0x7ff64f651ad5+4ca5]
	msedgedriver!(No symbol) [0x7ff64f5a2654]
	msedgedriver!GetHandleVerifier [0x7ff64f9d138f+38455f]
	msedgedriver!(No symbol) [0x7ff64f37fed8]
	msedgedriver!(No symbol) [0x7ff64f38015a]
	msedgedriver!(No symbol) [0x7ff64f3bfd27]
	msedgedriver!(No symbol) [0x7ff64f37615f]
	msedgedriver!(No symbol) [0x7ff64f3bd968]
	msedgedriver!(No symbol) [0x7ff64f37599c]
	msedgedriver!(No symbol) [0x7ff64f374c1d]
	msedgedriver!(No symbol) [0x7ff64f3757c3]
	msedgedriver!(No symbol) [0x7ff64f4abe52]
	msedgedriver!(No symbol) [0x7ff64f4bb879]
	msedgedriver!GetHandleVerifier [0x7ff64f6f9a05+acbd5]
	msedgedriver!GetHandleVerifier [0x7ff64f6ffee1+b30b1]
	msedgedriver!(No symbol) [0x7ff64f5ae3cf]
	msedgedriver!(No symbol) [0x7ff64f5a8da4]
	msedgedriver!(No symbol) [0x7ff64f5a8eca]
	msedgedriver!(No symbol) [0x7ff64f59a488]
	KERNEL32!BaseThreadInitThunk [0x7ff98936cd87+17]
	ntdll!RtlUserThreadStart [0x7ff98ab4caec+2c]

[20:13:51] Falha ao pesquisar/abrir o processo SEI-260006/020608/2024 após tentar formatos alternativos.
[20:13:51] Aviso: Falha ao abrir o processo SEI-260006/020608/2024 (não localizado ou restrito).
[20:13:52] [11/23] Inspecionando processo: SEI-260007/066075/2023
[20:13:52] Digitando processo SEI-260007/066075/2023 no campo de busca da janela...
[20:14:14] Aviso na tentativa de busca por 'SEI-260007/066075/2023': Message: 
Stacktrace:
	msedgedriver!GetHandleVerifier [0x7ff64f651ad5+4ca5]
	msedgedriver!(No symbol) [0x7ff64f5a2654]
	msedgedriver!GetHandleVerifier [0x7ff64f9d138f+38455f]
	msedgedriver!(No symbol) [0x7ff64f37fed8]
	msedgedriver!(No symbol) [0x7ff64f38015a]
	msedgedriver!(No symbol) [0x7ff64f3bfd27]
	msedgedriver!(No symbol) [0x7ff64f37615f]
	msedgedriver!(No symbol) [0x7ff64f3bd968]
	msedgedriver!(No symbol) [0x7ff64f37599c]
	msedgedriver!(No symbol) [0x7ff64f374c1d]
	msedgedriver!(No symbol) [0x7ff64f3757c3]
	msedgedriver!(No symbol) [0x7ff64f4abe52]
	msedgedriver!(No symbol) [0x7ff64f4bb879]
	msedgedriver!GetHandleVerifier [0x7ff64f6f9a05+acbd5]
	msedgedriver!GetHandleVerifier [0x7ff64f6ffee1+b30b1]
	msedgedriver!(No symbol) [0x7ff64f5ae3cf]
	msedgedriver!(No symbol) [0x7ff64f5a8da4]
	msedgedriver!(No symbol) [0x7ff64f5a8eca]
	msedgedriver!(No symbol) [0x7ff64f59a488]
	KERNEL32!BaseThreadInitThunk [0x7ff98936cd87+17]
	ntdll!RtlUserThreadStart [0x7ff98ab4caec+2c]

[20:14:36] Aviso na tentativa de busca por '260007/066075/2023': Message: 
Stacktrace:
	msedgedriver!GetHandleVerifier [0x7ff64f651ad5+4ca5]
	msedgedriver!(No symbol) [0x7ff64f5a2654]
	msedgedriver!GetHandleVerifier [0x7ff64f9d138f+38455f]
	msedgedriver!(No symbol) [0x7ff64f37fed8]
	msedgedriver!(No symbol) [0x7ff64f38015a]
	msedgedriver!(No symbol) [0x7ff64f3bfd27]
	msedgedriver!(No symbol) [0x7ff64f37615f]
	msedgedriver!(No symbol) [0x7ff64f3bd968]
	msedgedriver!(No symbol) [0x7ff64f37599c]
	msedgedriver!(No symbol) [0x7ff64f374c1d]
	msedgedriver!(No symbol) [0x7ff64f3757c3]
	msedgedriver!(No symbol) [0x7ff64f4abe52]
	msedgedriver!(No symbol) [0x7ff64f4bb879]
	msedgedriver!GetHandleVerifier [0x7ff64f6f9a05+acbd5]
	msedgedriver!GetHandleVerifier [0x7ff64f6ffee1+b30b1]
	msedgedriver!(No symbol) [0x7ff64f5ae3cf]
	msedgedriver!(No symbol) [0x7ff64f5a8da4]
	msedgedriver!(No symbol) [0x7ff64f5a8eca]
	msedgedriver!(No symbol) [0x7ff64f59a488]
	KERNEL32!BaseThreadInitThunk [0x7ff98936cd87+17]
	ntdll!RtlUserThreadStart [0x7ff98ab4caec+2c]

[20:14:36] Falha ao pesquisar/abrir o processo SEI-260007/066075/2023 após tentar formatos alternativos.
[20:14:36] Aviso: Falha ao abrir o processo SEI-260007/066075/2023 (não localizado ou restrito).
[20:14:37] [12/23] Inspecionando processo: SEI-260006/025174/2026
[20:14:37] Digitando processo SEI-260006/025174/2026 no campo de busca da janela...
[20:15:00] Aviso na tentativa de busca por 'SEI-260006/025174/2026': Message: 
Stacktrace:
	msedgedriver!GetHandleVerifier [0x7ff64f651ad5+4ca5]
	msedgedriver!(No symbol) [0x7ff64f5a2654]
	msedgedriver!GetHandleVerifier [0x7ff64f9d138f+38455f]
	msedgedriver!(No symbol) [0x7ff64f37fed8]
	msedgedriver!(No symbol) [0x7ff64f38015a]
	msedgedriver!(No symbol) [0x7ff64f3bfd27]
	msedgedriver!(No symbol) [0x7ff64f37615f]
	msedgedriver!(No symbol) [0x7ff64f3bd968]
	msedgedriver!(No symbol) [0x7ff64f37599c]
	msedgedriver!(No symbol) [0x7ff64f374c1d]
	msedgedriver!(No symbol) [0x7ff64f3757c3]
	msedgedriver!(No symbol) [0x7ff64f4abe52]
	msedgedriver!(No symbol) [0x7ff64f4bb879]
	msedgedriver!GetHandleVerifier [0x7ff64f6f9a05+acbd5]
	msedgedriver!GetHandleVerifier [0x7ff64f6ffee1+b30b1]
	msedgedriver!(No symbol) [0x7ff64f5ae3cf]
	msedgedriver!(No symbol) [0x7ff64f5a8da4]
	msedgedriver!(No symbol) [0x7ff64f5a8eca]
	msedgedriver!(No symbol) [0x7ff64f59a488]
	KERNEL32!BaseThreadInitThunk [0x7ff98936cd87+17]
	ntdll!RtlUserThreadStart [0x7ff98ab4caec+2c]

[20:15:21] Aviso na tentativa de busca por '260006/025174/2026': Message: 
Stacktrace:
	msedgedriver!GetHandleVerifier [0x7ff64f651ad5+4ca5]
	msedgedriver!(No symbol) [0x7ff64f5a2654]
	msedgedriver!GetHandleVerifier [0x7ff64f9d138f+38455f]
	msedgedriver!(No symbol) [0x7ff64f37fed8]
	msedgedriver!(No symbol) [0x7ff64f38015a]
	msedgedriver!(No symbol) [0x7ff64f3bfd27]
	msedgedriver!(No symbol) [0x7ff64f37615f]
	msedgedriver!(No symbol) [0x7ff64f3bd968]
	msedgedriver!(No symbol) [0x7ff64f37599c]
	msedgedriver!(No symbol) [0x7ff64f374c1d]
	msedgedriver!(No symbol) [0x7ff64f3757c3]
	msedgedriver!(No symbol) [0x7ff64f4abe52]
	msedgedriver!(No symbol) [0x7ff64f4bb879]
	msedgedriver!GetHandleVerifier [0x7ff64f6f9a05+acbd5]
	msedgedriver!GetHandleVerifier [0x7ff64f6ffee1+b30b1]
	msedgedriver!(No symbol) [0x7ff64f5ae3cf]
	msedgedriver!(No symbol) [0x7ff64f5a8da4]
	msedgedriver!(No symbol) [0x7ff64f5a8eca]
	msedgedriver!(No symbol) [0x7ff64f59a488]
	KERNEL32!BaseThreadInitThunk [0x7ff98936cd87+17]
	ntdll!RtlUserThreadStart [0x7ff98ab4caec+2c]

[20:15:21] Falha ao pesquisar/abrir o processo SEI-260006/025174/2026 após tentar formatos alternativos.
[20:15:21] Aviso: Falha ao abrir o processo SEI-260006/025174/2026 (não localizado ou restrito).
[20:15:22] [13/23] Inspecionando processo: SEI-260006/036056/2026
[20:15:22] Digitando processo SEI-260006/036056/2026 no campo de busca da janela...
[20:15:45] Aviso na tentativa de busca por 'SEI-260006/036056/2026': Message: 
Stacktrace:
	msedgedriver!GetHandleVerifier [0x7ff64f651ad5+4ca5]
	msedgedriver!(No symbol) [0x7ff64f5a2654]
	msedgedriver!GetHandleVerifier [0x7ff64f9d138f+38455f]
	msedgedriver!(No symbol) [0x7ff64f37fed8]
	msedgedriver!(No symbol) [0x7ff64f38015a]
	msedgedriver!(No symbol) [0x7ff64f3bfd27]
	msedgedriver!(No symbol) [0x7ff64f37615f]
	msedgedriver!(No symbol) [0x7ff64f3bd968]
	msedgedriver!(No symbol) [0x7ff64f37599c]
	msedgedriver!(No symbol) [0x7ff64f374c1d]
	msedgedriver!(No symbol) [0x7ff64f3757c3]
	msedgedriver!(No symbol) [0x7ff64f4abe52]
	msedgedriver!(No symbol) [0x7ff64f4bb879]
	msedgedriver!GetHandleVerifier [0x7ff64f6f9a05+acbd5]
	msedgedriver!GetHandleVerifier [0x7ff64f6ffee1+b30b1]
	msedgedriver!(No symbol) [0x7ff64f5ae3cf]
	msedgedriver!(No symbol) [0x7ff64f5a8da4]
	msedgedriver!(No symbol) [0x7ff64f5a8eca]
	msedgedriver!(No symbol) [0x7ff64f59a488]
	KERNEL32!BaseThreadInitThunk [0x7ff98936cd87+17]
	ntdll!RtlUserThreadStart [0x7ff98ab4caec+2c]

[20:15:55] Aviso na tentativa de busca por '260006/036056/2026': Message: no such window
  (Session info: MicrosoftEdge=153.0.4234.32)
Stacktrace:
	msedgedriver!GetHandleVerifier [0x7ff64f651ad5+4ca5]
	msedgedriver!(No symbol) [0x7ff64f5a2654]
	msedgedriver!(No symbol) [0x7ff64f334513]
	msedgedriver!(No symbol) [0x7ff64f3af455]
	msedgedriver!(No symbol) [0x7ff64f37599c]
	msedgedriver!(No symbol) [0x7ff64f374c1d]
	msedgedriver!(No symbol) [0x7ff64f3757c3]
	msedgedriver!(No symbol) [0x7ff64f4abe52]
	msedgedriver!(No symbol) [0x7ff64f4bb879]
	msedgedriver!GetHandleVerifier [0x7ff64f6f9a05+acbd5]
	msedgedriver!GetHandleVerifier [0x7ff64f6ffee1+b30b1]
	msedgedriver!(No symbol) [0x7ff64f5ae3cf]
	msedgedriver!(No symbol) [0x7ff64f5a8da4]
	msedgedriver!(No symbol) [0x7ff64f5a8eca]
	msedgedriver!(No symbol) [0x7ff64f59a488]
	KERNEL32!BaseThreadInitThunk [0x7ff98936cd87+17]
	ntdll!RtlUserThreadStart [0x7ff98ab4caec+2c]

[20:15:55] Falha ao pesquisar/abrir o processo SEI-260006/036056/2026 após tentar formatos alternativos.
[20:15:55] Aviso: Falha ao abrir o processo SEI-260006/036056/2026 (não localizado ou restrito).
[20:15:56] [14/23] Inspecionando processo: SEI-260006/029085/2026
[20:15:56] Digitando processo SEI-260006/029085/2026 no campo de busca da janela...
[20:16:09] Aviso na tentativa de busca por 'SEI-260006/029085/2026': Message: no such window: target window already closed
from unknown error: web view not found
  (Session info: MicrosoftEdge=153.0.4234.32)
Stacktrace:
	msedgedriver!GetHandleVerifier [0x7ff64f651ad5+4ca5]
	msedgedriver!(No symbol) [0x7ff64f5a2654]
	msedgedriver!GetHandleVerifier [0x7ff64f9d138f+38455f]
	msedgedriver!(No symbol) [0x7ff64f317312]
	msedgedriver!(No symbol) [0x7ff64f3a5ab6]
	msedgedriver!(No symbol) [0x7ff64f3bd26f]
	msedgedriver!(No symbol) [0x7ff64f37599c]
	msedgedriver!(No symbol) [0x7ff64f374c1d]
	msedgedriver!(No symbol) [0x7ff64f3757c3]
	msedgedriver!(No symbol) [0x7ff64f4abe52]
	msedgedriver!(No symbol) [0x7ff64f4bb879]
	msedgedriver!GetHandleVerifier [0x7ff64f6f9a05+acbd5]
	msedgedriver!GetHandleVerifier [0x7ff64f6ffee1+b30b1]
	msedgedriver!(No symbol) [0x7ff64f5ae3cf]
	msedgedriver!(No symbol) [0x7ff64f5a8da4]
	msedgedriver!(No symbol) [0x7ff64f5a8eca]
	msedgedriver!(No symbol) [0x7ff64f59a488]
	KERNEL32!BaseThreadInitThunk [0x7ff98936cd87+17]
	ntdll!RtlUserThreadStart [0x7ff98ab4caec+2c]

[20:16:09] Aviso na tentativa de busca por '260006/029085/2026': Message: no such window: target window already closed
from unknown error: web view not found
  (Session info: MicrosoftEdge=153.0.4234.32)
Stacktrace:
	msedgedriver!GetHandleVerifier [0x7ff64f651ad5+4ca5]
	msedgedriver!(No symbol) [0x7ff64f5a2654]
	msedgedriver!GetHandleVerifier [0x7ff64f9d138f+38455f]
	msedgedriver!(No symbol) [0x7ff64f317312]
	msedgedriver!(No symbol) [0x7ff64f3a5ab6]
	msedgedriver!(No symbol) [0x7ff64f3bd26f]
	msedgedriver!(No symbol) [0x7ff64f37599c]
	msedgedriver!(No symbol) [0x7ff64f374c1d]
	msedgedriver!(No symbol) [0x7ff64f3757c3]
	msedgedriver!(No symbol) [0x7ff64f4abe52]
	msedgedriver!(No symbol) [0x7ff64f4bb879]
	msedgedriver!GetHandleVerifier [0x7ff64f6f9a05+acbd5]
	msedgedriver!GetHandleVerifier [0x7ff64f6ffee1+b30b1]
	msedgedriver!(No symbol) [0x7ff64f5ae3cf]
	msedgedriver!(No symbol) [0x7ff64f5a8da4]
	msedgedriver!(No symbol) [0x7ff64f5a8eca]
	msedgedriver!(No symbol) [0x7ff64f59a488]
	KERNEL32!BaseThreadInitThunk [0x7ff98936cd87+17]
	ntdll!RtlUserThreadStart [0x7ff98ab4caec+2c]

[20:16:09] Falha ao pesquisar/abrir o processo SEI-260006/029085/2026 após tentar formatos alternativos.
[20:16:09] Aviso: Falha ao abrir o processo SEI-260006/029085/2026 (não localizado ou restrito).
[20:16:10] [15/23] Inspecionando processo: SEI-260007/004642/2021
[20:16:10] Digitando processo SEI-260007/004642/2021 no campo de busca da janela...
[20:16:10] Aviso na tentativa de busca por 'SEI-260007/004642/2021': Message: no such window: target window already closed
from unknown error: web view not found
  (Session info: MicrosoftEdge=153.0.4234.32)
Stacktrace:
	msedgedriver!GetHandleVerifier [0x7ff64f651ad5+4ca5]
	msedgedriver!(No symbol) [0x7ff64f5a2654]
	msedgedriver!GetHandleVerifier [0x7ff64f9d138f+38455f]
	msedgedriver!(No symbol) [0x7ff64f317312]
	msedgedriver!(No symbol) [0x7ff64f3a5ab6]
	msedgedriver!(No symbol) [0x7ff64f3bd26f]
	msedgedriver!(No symbol) [0x7ff64f37599c]
	msedgedriver!(No symbol) [0x7ff64f374c1d]
	msedgedriver!(No symbol) [0x7ff64f3757c3]
	msedgedriver!(No symbol) [0x7ff64f4abe52]
	msedgedriver!(No symbol) [0x7ff64f4bb879]
	msedgedriver!GetHandleVerifier [0x7ff64f6f9a05+acbd5]
	msedgedriver!GetHandleVerifier [0x7ff64f6ffee1+b30b1]
	msedgedriver!(No symbol) [0x7ff64f5ae3cf]
	msedgedriver!(No symbol) [0x7ff64f5a8da4]
	msedgedriver!(No symbol) [0x7ff64f5a8eca]
	msedgedriver!(No symbol) [0x7ff64f59a488]
	KERNEL32!BaseThreadInitThunk [0x7ff98936cd87+17]
	ntdll!RtlUserThreadStart [0x7ff98ab4caec+2c]

[20:16:10] Aviso na tentativa de busca por '260007/004642/2021': Message: no such window: target window already closed
from unknown error: web view not found
  (Session info: MicrosoftEdge=153.0.4234.32)
Stacktrace:
	msedgedriver!GetHandleVerifier [0x7ff64f651ad5+4ca5]
	msedgedriver!(No symbol) [0x7ff64f5a2654]
	msedgedriver!GetHandleVerifier [0x7ff64f9d138f+38455f]
	msedgedriver!(No symbol) [0x7ff64f317312]
	msedgedriver!(No symbol) [0x7ff64f3a5ab6]
	msedgedriver!(No symbol) [0x7ff64f3bd26f]
	msedgedriver!(No symbol) [0x7ff64f37599c]
	msedgedriver!(No symbol) [0x7ff64f374c1d]
	msedgedriver!(No symbol) [0x7ff64f3757c3]
	msedgedriver!(No symbol) [0x7ff64f4abe52]
	msedgedriver!(No symbol) [0x7ff64f4bb879]
	msedgedriver!GetHandleVerifier [0x7ff64f6f9a05+acbd5]
	msedgedriver!GetHandleVerifier [0x7ff64f6ffee1+b30b1]
	msedgedriver!(No symbol) [0x7ff64f5ae3cf]
	msedgedriver!(No symbol) [0x7ff64f5a8da4]
	msedgedriver!(No symbol) [0x7ff64f5a8eca]
	msedgedriver!(No symbol) [0x7ff64f59a488]
	KERNEL32!BaseThreadInitThunk [0x7ff98936cd87+17]
	ntdll!RtlUserThreadStart [0x7ff98ab4caec+2c]

[20:16:10] Falha ao pesquisar/abrir o processo SEI-260007/004642/2021 após tentar formatos alternativos.
[20:16:10] Aviso: Falha ao abrir o processo SEI-260007/004642/2021 (não localizado ou restrito).
[20:16:11] [16/23] Inspecionando processo: SEI-260006/031053/2026
[20:16:11] Digitando processo SEI-260006/031053/2026 no campo de busca da janela...
[20:16:11] Aviso na tentativa de busca por 'SEI-260006/031053/2026': Message: no such window: target window already closed
from unknown error: web view not found
  (Session info: MicrosoftEdge=153.0.4234.32)
Stacktrace:
	msedgedriver!GetHandleVerifier [0x7ff64f651ad5+4ca5]
	msedgedriver!(No symbol) [0x7ff64f5a2654]
	msedgedriver!GetHandleVerifier [0x7ff64f9d138f+38455f]
	msedgedriver!(No symbol) [0x7ff64f317312]
	msedgedriver!(No symbol) [0x7ff64f3a5ab6]
	msedgedriver!(No symbol) [0x7ff64f3bd26f]
	msedgedriver!(No symbol) [0x7ff64f37599c]
	msedgedriver!(No symbol) [0x7ff64f374c1d]
	msedgedriver!(No symbol) [0x7ff64f3757c3]
	msedgedriver!(No symbol) [0x7ff64f4abe52]
	msedgedriver!(No symbol) [0x7ff64f4bb879]
	msedgedriver!GetHandleVerifier [0x7ff64f6f9a05+acbd5]
	msedgedriver!GetHandleVerifier [0x7ff64f6ffee1+b30b1]
	msedgedriver!(No symbol) [0x7ff64f5ae3cf]
	msedgedriver!(No symbol) [0x7ff64f5a8da4]
	msedgedriver!(No symbol) [0x7ff64f5a8eca]
	msedgedriver!(No symbol) [0x7ff64f59a488]
	KERNEL32!BaseThreadInitThunk [0x7ff98936cd87+17]
	ntdll!RtlUserThreadStart [0x7ff98ab4caec+2c]

[20:16:11] Aviso na tentativa de busca por '260006/031053/2026': Message: no such window: target window already closed
from unknown error: web view not found
  (Session info: MicrosoftEdge=153.0.4234.32)
Stacktrace:
	msedgedriver!GetHandleVerifier [0x7ff64f651ad5+4ca5]
	msedgedriver!(No symbol) [0x7ff64f5a2654]
	msedgedriver!GetHandleVerifier [0x7ff64f9d138f+38455f]
	msedgedriver!(No symbol) [0x7ff64f317312]
	msedgedriver!(No symbol) [0x7ff64f3a5ab6]
	msedgedriver!(No symbol) [0x7ff64f3bd26f]
	msedgedriver!(No symbol) [0x7ff64f37599c]
	msedgedriver!(No symbol) [0x7ff64f374c1d]
	msedgedriver!(No symbol) [0x7ff64f3757c3]
	msedgedriver!(No symbol) [0x7ff64f4abe52]
	msedgedriver!(No symbol) [0x7ff64f4bb879]
	msedgedriver!GetHandleVerifier [0x7ff64f6f9a05+acbd5]
	msedgedriver!GetHandleVerifier [0x7ff64f6ffee1+b30b1]
	msedgedriver!(No symbol) [0x7ff64f5ae3cf]
	msedgedriver!(No symbol) [0x7ff64f5a8da4]
	msedgedriver!(No symbol) [0x7ff64f5a8eca]
	msedgedriver!(No symbol) [0x7ff64f59a488]
	KERNEL32!BaseThreadInitThunk [0x7ff98936cd87+17]
	ntdll!RtlUserThreadStart [0x7ff98ab4caec+2c]

[20:16:11] Falha ao pesquisar/abrir o processo SEI-260006/031053/2026 após tentar formatos alternativos.
[20:16:11] Aviso: Falha ao abrir o processo SEI-260006/031053/2026 (não localizado ou restrito).
[20:16:12] [17/23] Inspecionando processo: SEI-260006/001094/2026
[20:16:12] Digitando processo SEI-260006/001094/2026 no campo de busca da janela...
[20:16:12] Aviso na tentativa de busca por 'SEI-260006/001094/2026': Message: no such window: target window already closed
from unknown error: web view not found
  (Session info: MicrosoftEdge=153.0.4234.32)
Stacktrace:
	msedgedriver!GetHandleVerifier [0x7ff64f651ad5+4ca5]
	msedgedriver!(No symbol) [0x7ff64f5a2654]
	msedgedriver!GetHandleVerifier [0x7ff64f9d138f+38455f]
	msedgedriver!(No symbol) [0x7ff64f317312]
	msedgedriver!(No symbol) [0x7ff64f3a5ab6]
	msedgedriver!(No symbol) [0x7ff64f3bd26f]
	msedgedriver!(No symbol) [0x7ff64f37599c]
	msedgedriver!(No symbol) [0x7ff64f374c1d]
	msedgedriver!(No symbol) [0x7ff64f3757c3]
	msedgedriver!(No symbol) [0x7ff64f4abe52]
	msedgedriver!(No symbol) [0x7ff64f4bb879]
	msedgedriver!GetHandleVerifier [0x7ff64f6f9a05+acbd5]
	msedgedriver!GetHandleVerifier [0x7ff64f6ffee1+b30b1]
	msedgedriver!(No symbol) [0x7ff64f5ae3cf]
	msedgedriver!(No symbol) [0x7ff64f5a8da4]
	msedgedriver!(No symbol) [0x7ff64f5a8eca]
	msedgedriver!(No symbol) [0x7ff64f59a488]
	KERNEL32!BaseThreadInitThunk [0x7ff98936cd87+17]
	ntdll!RtlUserThreadStart [0x7ff98ab4caec+2c]

[20:16:12] Aviso na tentativa de busca por '260006/001094/2026': Message: no such window: target window already closed
from unknown error: web view not found
  (Session info: MicrosoftEdge=153.0.4234.32)
Stacktrace:
	msedgedriver!GetHandleVerifier [0x7ff64f651ad5+4ca5]
	msedgedriver!(No symbol) [0x7ff64f5a2654]
	msedgedriver!GetHandleVerifier [0x7ff64f9d138f+38455f]
	msedgedriver!(No symbol) [0x7ff64f317312]
	msedgedriver!(No symbol) [0x7ff64f3a5ab6]
	msedgedriver!(No symbol) [0x7ff64f3bd26f]
	msedgedriver!(No symbol) [0x7ff64f37599c]
	msedgedriver!(No symbol) [0x7ff64f374c1d]
	msedgedriver!(No symbol) [0x7ff64f3757c3]
	msedgedriver!(No symbol) [0x7ff64f4abe52]
	msedgedriver!(No symbol) [0x7ff64f4bb879]
	msedgedriver!GetHandleVerifier [0x7ff64f6f9a05+acbd5]
	msedgedriver!GetHandleVerifier [0x7ff64f6ffee1+b30b1]
	msedgedriver!(No symbol) [0x7ff64f5ae3cf]
	msedgedriver!(No symbol) [0x7ff64f5a8da4]
	msedgedriver!(No symbol) [0x7ff64f5a8eca]
	msedgedriver!(No symbol) [0x7ff64f59a488]
	KERNEL32!BaseThreadInitThunk [0x7ff98936cd87+17]
	ntdll!RtlUserThreadStart [0x7ff98ab4caec+2c]

[20:16:12] Falha ao pesquisar/abrir o processo SEI-260006/001094/2026 após tentar formatos alternativos.
[20:16:12] Aviso: Falha ao abrir o processo SEI-260006/001094/2026 (não localizado ou restrito).
[20:16:13] [18/23] Inspecionando processo: SEI-260006/040128/2026
[20:16:13] Digitando processo SEI-260006/040128/2026 no campo de busca da janela...
[20:16:13] Aviso na tentativa de busca por 'SEI-260006/040128/2026': Message: no such window: target window already closed
from unknown error: web view not found
  (Session info: MicrosoftEdge=153.0.4234.32)
Stacktrace:
	msedgedriver!GetHandleVerifier [0x7ff64f651ad5+4ca5]
	msedgedriver!(No symbol) [0x7ff64f5a2654]
	msedgedriver!GetHandleVerifier [0x7ff64f9d138f+38455f]
	msedgedriver!(No symbol) [0x7ff64f317312]
	msedgedriver!(No symbol) [0x7ff64f3a5ab6]
	msedgedriver!(No symbol) [0x7ff64f3bd26f]
	msedgedriver!(No symbol) [0x7ff64f37599c]
	msedgedriver!(No symbol) [0x7ff64f374c1d]
	msedgedriver!(No symbol) [0x7ff64f3757c3]
	msedgedriver!(No symbol) [0x7ff64f4abe52]
	msedgedriver!(No symbol) [0x7ff64f4bb879]
	msedgedriver!GetHandleVerifier [0x7ff64f6f9a05+acbd5]
	msedgedriver!GetHandleVerifier [0x7ff64f6ffee1+b30b1]
	msedgedriver!(No symbol) [0x7ff64f5ae3cf]
	msedgedriver!(No symbol) [0x7ff64f5a8da4]
	msedgedriver!(No symbol) [0x7ff64f5a8eca]
	msedgedriver!(No symbol) [0x7ff64f59a488]
	KERNEL32!BaseThreadInitThunk [0x7ff98936cd87+17]
	ntdll!RtlUserThreadStart [0x7ff98ab4caec+2c]

[20:16:13] Aviso na tentativa de busca por '260006/040128/2026': Message: no such window: target window already closed
from unknown error: web view not found
  (Session info: MicrosoftEdge=153.0.4234.32)
Stacktrace:
	msedgedriver!GetHandleVerifier [0x7ff64f651ad5+4ca5]
	msedgedriver!(No symbol) [0x7ff64f5a2654]
	msedgedriver!GetHandleVerifier [0x7ff64f9d138f+38455f]
	msedgedriver!(No symbol) [0x7ff64f317312]
	msedgedriver!(No symbol) [0x7ff64f3a5ab6]
	msedgedriver!(No symbol) [0x7ff64f3bd26f]
	msedgedriver!(No symbol) [0x7ff64f37599c]
	msedgedriver!(No symbol) [0x7ff64f374c1d]
	msedgedriver!(No symbol) [0x7ff64f3757c3]
	msedgedriver!(No symbol) [0x7ff64f4abe52]
	msedgedriver!(No symbol) [0x7ff64f4bb879]
	msedgedriver!GetHandleVerifier [0x7ff64f6f9a05+acbd5]
	msedgedriver!GetHandleVerifier [0x7ff64f6ffee1+b30b1]
	msedgedriver!(No symbol) [0x7ff64f5ae3cf]
	msedgedriver!(No symbol) [0x7ff64f5a8da4]
	msedgedriver!(No symbol) [0x7ff64f5a8eca]
	msedgedriver!(No symbol) [0x7ff64f59a488]
	KERNEL32!BaseThreadInitThunk [0x7ff98936cd87+17]
	ntdll!RtlUserThreadStart [0x7ff98ab4caec+2c]

[20:16:13] Falha ao pesquisar/abrir o processo SEI-260006/040128/2026 após tentar formatos alternativos.
[20:16:13] Aviso: Falha ao abrir o processo SEI-260006/040128/2026 (não localizado ou restrito).
[20:16:14] [19/23] Inspecionando processo: SEI-260006/022205/2024
[20:16:14] Digitando processo SEI-260006/022205/2024 no campo de busca da janela...
[20:16:14] Aviso na tentativa de busca por 'SEI-260006/022205/2024': Message: no such window: target window already closed
from unknown error: web view not found
  (Session info: MicrosoftEdge=153.0.4234.32)
Stacktrace:
	msedgedriver!GetHandleVerifier [0x7ff64f651ad5+4ca5]
	msedgedriver!(No symbol) [0x7ff64f5a2654]
	msedgedriver!GetHandleVerifier [0x7ff64f9d138f+38455f]
	msedgedriver!(No symbol) [0x7ff64f317312]
	msedgedriver!(No symbol) [0x7ff64f3a5ab6]
	msedgedriver!(No symbol) [0x7ff64f3bd26f]
	msedgedriver!(No symbol) [0x7ff64f37599c]
	msedgedriver!(No symbol) [0x7ff64f374c1d]
	msedgedriver!(No symbol) [0x7ff64f3757c3]
	msedgedriver!(No symbol) [0x7ff64f4abe52]
	msedgedriver!(No symbol) [0x7ff64f4bb879]
	msedgedriver!GetHandleVerifier [0x7ff64f6f9a05+acbd5]
	msedgedriver!GetHandleVerifier [0x7ff64f6ffee1+b30b1]
	msedgedriver!(No symbol) [0x7ff64f5ae3cf]
	msedgedriver!(No symbol) [0x7ff64f5a8da4]
	msedgedriver!(No symbol) [0x7ff64f5a8eca]
	msedgedriver!(No symbol) [0x7ff64f59a488]
	KERNEL32!BaseThreadInitThunk [0x7ff98936cd87+17]
	ntdll!RtlUserThreadStart [0x7ff98ab4caec+2c]

[20:16:14] Aviso na tentativa de busca por '260006/022205/2024': Message: no such window: target window already closed
from unknown error: web view not found
  (Session info: MicrosoftEdge=153.0.4234.32)
Stacktrace:
	msedgedriver!GetHandleVerifier [0x7ff64f651ad5+4ca5]
	msedgedriver!(No symbol) [0x7ff64f5a2654]
	msedgedriver!GetHandleVerifier [0x7ff64f9d138f+38455f]
	msedgedriver!(No symbol) [0x7ff64f317312]
	msedgedriver!(No symbol) [0x7ff64f3a5ab6]
	msedgedriver!(No symbol) [0x7ff64f3bd26f]
	msedgedriver!(No symbol) [0x7ff64f37599c]
	msedgedriver!(No symbol) [0x7ff64f374c1d]
	msedgedriver!(No symbol) [0x7ff64f3757c3]
	msedgedriver!(No symbol) [0x7ff64f4abe52]
	msedgedriver!(No symbol) [0x7ff64f4bb879]
	msedgedriver!GetHandleVerifier [0x7ff64f6f9a05+acbd5]
	msedgedriver!GetHandleVerifier [0x7ff64f6ffee1+b30b1]
	msedgedriver!(No symbol) [0x7ff64f5ae3cf]
	msedgedriver!(No symbol) [0x7ff64f5a8da4]
	msedgedriver!(No symbol) [0x7ff64f5a8eca]
	msedgedriver!(No symbol) [0x7ff64f59a488]
	KERNEL32!BaseThreadInitThunk [0x7ff98936cd87+17]
	ntdll!RtlUserThreadStart [0x7ff98ab4caec+2c]

[20:16:14] Falha ao pesquisar/abrir o processo SEI-260006/022205/2024 após tentar formatos alternativos.
[20:16:14] Aviso: Falha ao abrir o processo SEI-260006/022205/2024 (não localizado ou restrito).
[20:16:15] [20/23] Inspecionando processo: SEI-260006/006530/2026
[20:16:15] Digitando processo SEI-260006/006530/2026 no campo de busca da janela...
[20:16:15] Aviso na tentativa de busca por 'SEI-260006/006530/2026': Message: no such window: target window already closed
from unknown error: web view not found
  (Session info: MicrosoftEdge=153.0.4234.32)
Stacktrace:
	msedgedriver!GetHandleVerifier [0x7ff64f651ad5+4ca5]
	msedgedriver!(No symbol) [0x7ff64f5a2654]
	msedgedriver!GetHandleVerifier [0x7ff64f9d138f+38455f]
	msedgedriver!(No symbol) [0x7ff64f317312]
	msedgedriver!(No symbol) [0x7ff64f3a5ab6]
	msedgedriver!(No symbol) [0x7ff64f3bd26f]
	msedgedriver!(No symbol) [0x7ff64f37599c]
	msedgedriver!(No symbol) [0x7ff64f374c1d]
	msedgedriver!(No symbol) [0x7ff64f3757c3]
	msedgedriver!(No symbol) [0x7ff64f4abe52]
	msedgedriver!(No symbol) [0x7ff64f4bb879]
	msedgedriver!GetHandleVerifier [0x7ff64f6f9a05+acbd5]
	msedgedriver!GetHandleVerifier [0x7ff64f6ffee1+b30b1]
	msedgedriver!(No symbol) [0x7ff64f5ae3cf]
	msedgedriver!(No symbol) [0x7ff64f5a8da4]
	msedgedriver!(No symbol) [0x7ff64f5a8eca]
	msedgedriver!(No symbol) [0x7ff64f59a488]
	KERNEL32!BaseThreadInitThunk [0x7ff98936cd87+17]
	ntdll!RtlUserThreadStart [0x7ff98ab4caec+2c]

[20:16:15] Aviso na tentativa de busca por '260006/006530/2026': Message: no such window: target window already closed
from unknown error: web view not found
  (Session info: MicrosoftEdge=153.0.4234.32)
Stacktrace:
	msedgedriver!GetHandleVerifier [0x7ff64f651ad5+4ca5]
	msedgedriver!(No symbol) [0x7ff64f5a2654]
	msedgedriver!GetHandleVerifier [0x7ff64f9d138f+38455f]
	msedgedriver!(No symbol) [0x7ff64f317312]
	msedgedriver!(No symbol) [0x7ff64f3a5ab6]
	msedgedriver!(No symbol) [0x7ff64f3bd26f]
	msedgedriver!(No symbol) [0x7ff64f37599c]
	msedgedriver!(No symbol) [0x7ff64f374c1d]
	msedgedriver!(No symbol) [0x7ff64f3757c3]
	msedgedriver!(No symbol) [0x7ff64f4abe52]
	msedgedriver!(No symbol) [0x7ff64f4bb879]
	msedgedriver!GetHandleVerifier [0x7ff64f6f9a05+acbd5]
	msedgedriver!GetHandleVerifier [0x7ff64f6ffee1+b30b1]
	msedgedriver!(No symbol) [0x7ff64f5ae3cf]
	msedgedriver!(No symbol) [0x7ff64f5a8da4]
	msedgedriver!(No symbol) [0x7ff64f5a8eca]
	msedgedriver!(No symbol) [0x7ff64f59a488]
	KERNEL32!BaseThreadInitThunk [0x7ff98936cd87+17]
	ntdll!RtlUserThreadStart [0x7ff98ab4caec+2c]

[20:16:15] Falha ao pesquisar/abrir o processo SEI-260006/006530/2026 após tentar formatos alternativos.
[20:16:15] Aviso: Falha ao abrir o processo SEI-260006/006530/2026 (não localizado ou restrito).
[20:16:16] [21/23] Inspecionando processo: SEI-260006/024394/2026
[20:16:16] Digitando processo SEI-260006/024394/2026 no campo de busca da janela...
[20:16:16] Aviso na tentativa de busca por 'SEI-260006/024394/2026': Message: no such window: target window already closed
from unknown error: web view not found
  (Session info: MicrosoftEdge=153.0.4234.32)
Stacktrace:
	msedgedriver!GetHandleVerifier [0x7ff64f651ad5+4ca5]
	msedgedriver!(No symbol) [0x7ff64f5a2654]
	msedgedriver!GetHandleVerifier [0x7ff64f9d138f+38455f]
	msedgedriver!(No symbol) [0x7ff64f317312]
	msedgedriver!(No symbol) [0x7ff64f3a5ab6]
	msedgedriver!(No symbol) [0x7ff64f3bd26f]
	msedgedriver!(No symbol) [0x7ff64f37599c]
	msedgedriver!(No symbol) [0x7ff64f374c1d]
	msedgedriver!(No symbol) [0x7ff64f3757c3]
	msedgedriver!(No symbol) [0x7ff64f4abe52]
	msedgedriver!(No symbol) [0x7ff64f4bb879]
	msedgedriver!GetHandleVerifier [0x7ff64f6f9a05+acbd5]
	msedgedriver!GetHandleVerifier [0x7ff64f6ffee1+b30b1]
	msedgedriver!(No symbol) [0x7ff64f5ae3cf]
	msedgedriver!(No symbol) [0x7ff64f5a8da4]
	msedgedriver!(No symbol) [0x7ff64f5a8eca]
	msedgedriver!(No symbol) [0x7ff64f59a488]
	KERNEL32!BaseThreadInitThunk [0x7ff98936cd87+17]
	ntdll!RtlUserThreadStart [0x7ff98ab4caec+2c]

[20:16:16] Aviso na tentativa de busca por '260006/024394/2026': Message: no such window: target window already closed
from unknown error: web view not found
  (Session info: MicrosoftEdge=153.0.4234.32)
Stacktrace:
	msedgedriver!GetHandleVerifier [0x7ff64f651ad5+4ca5]
	msedgedriver!(No symbol) [0x7ff64f5a2654]
	msedgedriver!GetHandleVerifier [0x7ff64f9d138f+38455f]
	msedgedriver!(No symbol) [0x7ff64f317312]
	msedgedriver!(No symbol) [0x7ff64f3a5ab6]
	msedgedriver!(No symbol) [0x7ff64f3bd26f]
	msedgedriver!(No symbol) [0x7ff64f37599c]
	msedgedriver!(No symbol) [0x7ff64f374c1d]
	msedgedriver!(No symbol) [0x7ff64f3757c3]
	msedgedriver!(No symbol) [0x7ff64f4abe52]
	msedgedriver!(No symbol) [0x7ff64f4bb879]
	msedgedriver!GetHandleVerifier [0x7ff64f6f9a05+acbd5]
	msedgedriver!GetHandleVerifier [0x7ff64f6ffee1+b30b1]
	msedgedriver!(No symbol) [0x7ff64f5ae3cf]
	msedgedriver!(No symbol) [0x7ff64f5a8da4]
	msedgedriver!(No symbol) [0x7ff64f5a8eca]
	msedgedriver!(No symbol) [0x7ff64f59a488]
	KERNEL32!BaseThreadInitThunk [0x7ff98936cd87+17]
	ntdll!RtlUserThreadStart [0x7ff98ab4caec+2c]

[20:16:16] Falha ao pesquisar/abrir o processo SEI-260006/024394/2026 após tentar formatos alternativos.
[20:16:16] Aviso: Falha ao abrir o processo SEI-260006/024394/2026 (não localizado ou restrito).
[20:16:17] [22/23] Inspecionando processo: SEI-260006/052805/2025
[20:16:17] Digitando processo SEI-260006/052805/2025 no campo de busca da janela...
[20:16:18] Aviso na tentativa de busca por 'SEI-260006/052805/2025': Message: no such window: target window already closed
from unknown error: web view not found
  (Session info: MicrosoftEdge=153.0.4234.32)
Stacktrace:
	msedgedriver!GetHandleVerifier [0x7ff64f651ad5+4ca5]
	msedgedriver!(No symbol) [0x7ff64f5a2654]
	msedgedriver!GetHandleVerifier [0x7ff64f9d138f+38455f]
	msedgedriver!(No symbol) [0x7ff64f317312]
	msedgedriver!(No symbol) [0x7ff64f3a5ab6]
	msedgedriver!(No symbol) [0x7ff64f3bd26f]
	msedgedriver!(No symbol) [0x7ff64f37599c]
	msedgedriver!(No symbol) [0x7ff64f374c1d]
	msedgedriver!(No symbol) [0x7ff64f3757c3]
	msedgedriver!(No symbol) [0x7ff64f4abe52]
	msedgedriver!(No symbol) [0x7ff64f4bb879]
	msedgedriver!GetHandleVerifier [0x7ff64f6f9a05+acbd5]
	msedgedriver!GetHandleVerifier [0x7ff64f6ffee1+b30b1]
	msedgedriver!(No symbol) [0x7ff64f5ae3cf]
	msedgedriver!(No symbol) [0x7ff64f5a8da4]
	msedgedriver!(No symbol) [0x7ff64f5a8eca]
	msedgedriver!(No symbol) [0x7ff64f59a488]
	KERNEL32!BaseThreadInitThunk [0x7ff98936cd87+17]
	ntdll!RtlUserThreadStart [0x7ff98ab4caec+2c]

[20:16:18] Aviso na tentativa de busca por '260006/052805/2025': Message: no such window: target window already closed
from unknown error: web view not found
  (Session info: MicrosoftEdge=153.0.4234.32)
Stacktrace:
	msedgedriver!GetHandleVerifier [0x7ff64f651ad5+4ca5]
	msedgedriver!(No symbol) [0x7ff64f5a2654]
	msedgedriver!GetHandleVerifier [0x7ff64f9d138f+38455f]
	msedgedriver!(No symbol) [0x7ff64f317312]
	msedgedriver!(No symbol) [0x7ff64f3a5ab6]
	msedgedriver!(No symbol) [0x7ff64f3bd26f]
	msedgedriver!(No symbol) [0x7ff64f37599c]
	msedgedriver!(No symbol) [0x7ff64f374c1d]
	msedgedriver!(No symbol) [0x7ff64f3757c3]
	msedgedriver!(No symbol) [0x7ff64f4abe52]
	msedgedriver!(No symbol) [0x7ff64f4bb879]
	msedgedriver!GetHandleVerifier [0x7ff64f6f9a05+acbd5]
	msedgedriver!GetHandleVerifier [0x7ff64f6ffee1+b30b1]
	msedgedriver!(No symbol) [0x7ff64f5ae3cf]
	msedgedriver!(No symbol) [0x7ff64f5a8da4]
	msedgedriver!(No symbol) [0x7ff64f5a8eca]
	msedgedriver!(No symbol) [0x7ff64f59a488]
	KERNEL32!BaseThreadInitThunk [0x7ff98936cd87+17]
	ntdll!RtlUserThreadStart [0x7ff98ab4caec+2c]

[20:16:18] Falha ao pesquisar/abrir o processo SEI-260006/052805/2025 após tentar formatos alternativos.
[20:16:18] Aviso: Falha ao abrir o processo SEI-260006/052805/2025 (não localizado ou restrito).
[20:16:19] [23/23] Inspecionando processo: SEI-260006/026927/2025
[20:16:19] Digitando processo SEI-260006/026927/2025 no campo de busca da janela...
[20:16:19] Aviso na tentativa de busca por 'SEI-260006/026927/2025': Message: no such window: target window already closed
from unknown error: web view not found
  (Session info: MicrosoftEdge=153.0.4234.32)
Stacktrace:
	msedgedriver!GetHandleVerifier [0x7ff64f651ad5+4ca5]
	msedgedriver!(No symbol) [0x7ff64f5a2654]
	msedgedriver!GetHandleVerifier [0x7ff64f9d138f+38455f]
	msedgedriver!(No symbol) [0x7ff64f317312]
	msedgedriver!(No symbol) [0x7ff64f3a5ab6]
	msedgedriver!(No symbol) [0x7ff64f3bd26f]
	msedgedriver!(No symbol) [0x7ff64f37599c]
	msedgedriver!(No symbol) [0x7ff64f374c1d]
	msedgedriver!(No symbol) [0x7ff64f3757c3]
	msedgedriver!(No symbol) [0x7ff64f4abe52]
	msedgedriver!(No symbol) [0x7ff64f4bb879]
	msedgedriver!GetHandleVerifier [0x7ff64f6f9a05+acbd5]
	msedgedriver!GetHandleVerifier [0x7ff64f6ffee1+b30b1]
	msedgedriver!(No symbol) [0x7ff64f5ae3cf]
	msedgedriver!(No symbol) [0x7ff64f5a8da4]
	msedgedriver!(No symbol) [0x7ff64f5a8eca]
	msedgedriver!(No symbol) [0x7ff64f59a488]
	KERNEL32!BaseThreadInitThunk [0x7ff98936cd87+17]
	ntdll!RtlUserThreadStart [0x7ff98ab4caec+2c]

[20:16:19] Aviso na tentativa de busca por '260006/026927/2025': Message: no such window: target window already closed
from unknown error: web view not found
  (Session info: MicrosoftEdge=153.0.4234.32)
Stacktrace:
	msedgedriver!GetHandleVerifier [0x7ff64f651ad5+4ca5]
	msedgedriver!(No symbol) [0x7ff64f5a2654]
	msedgedriver!GetHandleVerifier [0x7ff64f9d138f+38455f]
	msedgedriver!(No symbol) [0x7ff64f317312]
	msedgedriver!(No symbol) [0x7ff64f3a5ab6]
	msedgedriver!(No symbol) [0x7ff64f3bd26f]
	msedgedriver!(No symbol) [0x7ff64f37599c]
	msedgedriver!(No symbol) [0x7ff64f374c1d]
	msedgedriver!(No symbol) [0x7ff64f3757c3]
	msedgedriver!(No symbol) [0x7ff64f4abe52]
	msedgedriver!(No symbol) [0x7ff64f4bb879]
	msedgedriver!GetHandleVerifier [0x7ff64f6f9a05+acbd5]
	msedgedriver!GetHandleVerifier [0x7ff64f6ffee1+b30b1]
	msedgedriver!(No symbol) [0x7ff64f5ae3cf]
	msedgedriver!(No symbol) [0x7ff64f5a8da4]
	msedgedriver!(No symbol) [0x7ff64f5a8eca]
	msedgedriver!(No symbol) [0x7ff64f59a488]
	KERNEL32!BaseThreadInitThunk [0x7ff98936cd87+17]
	ntdll!RtlUserThreadStart [0x7ff98ab4caec+2c]

[20:16:19] Falha ao pesquisar/abrir o processo SEI-260006/026927/2025 após tentar formatos alternativos.
[20:16:19] Aviso: Falha ao abrir o processo SEI-260006/026927/2025 (não localizado ou restrito).
[20:16:20] Encerrando sessão do navegador...
[20:16:22] Formatando dados para exportação...
[20:16:22] Gravando arquivo MonitoramentoAtasFeitas.xlsx...
[20:16:22] Exportação concluída com sucesso em: C:\Users\Misha\Documents\Github\monitor_SEI\data\outputs\MonitoramentoAtasFeitas.xlsx
[20:16:22] >>> ROTINA CONCLUÍDA COM SUCESSO! <<<
[20:16:22] >>> Arquivo gerado em: C:\Users\Misha\Documents\Github\monitor_SEI\data\outputs\MonitoramentoAtasFeitas.xlsx
[20:24:25] Iniciando esteira para módulo: Monitoramento atas feitas
[20:24:25] Unidade de lotação selecionada: CINQA
[20:24:25] Carregando lista de processos alvos...
[20:24:26] 23 processo(s) localizado(s) para inspeção.
[20:24:26] Iniciando navegador web (Microsoft Edge / Selenium)...
[20:24:37] Verificando autenticação no SEI...
[20:24:37] Tentando login automático no SEI para o órgão 'UERJ'...
[20:24:37] Tela de login do SEI-RJ identificada. Preenchendo credenciais para órgão 'UERJ'...
[20:24:43] Login no SEI-RJ realizado com sucesso!
[20:24:45] Login automático concluído com sucesso!
[20:24:45] Alternando contexto no SEI para a unidade 'CINQA'...
[20:24:57] Não foi possível alternar unidade pelo seletor padrão: Message: 
Stacktrace:
	msedgedriver!GetHandleVerifier [0x7ff64f651ad5+4ca5]
	msedgedriver!(No symbol) [0x7ff64f5a2654]
	msedgedriver!GetHandleVerifier [0x7ff64f9d138f+38455f]
	msedgedriver!(No symbol) [0x7ff64f37fed8]
	msedgedriver!(No symbol) [0x7ff64f38015a]
	msedgedriver!(No symbol) [0x7ff64f3bfd27]
	msedgedriver!(No symbol) [0x7ff64f37615f]
	msedgedriver!(No symbol) [0x7ff64f3bd968]
	msedgedriver!(No symbol) [0x7ff64f37599c]
	msedgedriver!(No symbol) [0x7ff64f374c1d]
	msedgedriver!(No symbol) [0x7ff64f3757c3]
	msedgedriver!(No symbol) [0x7ff64f4abe52]
	msedgedriver!(No symbol) [0x7ff64f4bb879]
	msedgedriver!GetHandleVerifier [0x7ff64f6f9a05+acbd5]
	msedgedriver!GetHandleVerifier [0x7ff64f6ffee1+b30b1]
	msedgedriver!(No symbol) [0x7ff64f5ae3cf]
	msedgedriver!(No symbol) [0x7ff64f5a8da4]
	msedgedriver!(No symbol) [0x7ff64f5a8eca]
	msedgedriver!(No symbol) [0x7ff64f59a488]
	KERNEL32!BaseThreadInitThunk [0x7ff98936cd87+17]
	ntdll!RtlUserThreadStart [0x7ff98ab4caec+2c]

[20:24:57] [1/23] Inspecionando processo: SEI-260006/017555/2026
[20:24:57] Processo SEI-260006/017555/2026 possui link direto na planilha. Acessando URL...
[20:25:12] Aviso: Não foi possível abrir pelo link direto (Message: 
Stacktrace:
	msedgedriver!GetHandleVerifier [0x7ff64f651ad5+4ca5]
	msedgedriver!(No symbol) [0x7ff64f5a2654]
	msedgedriver!GetHandleVerifier [0x7ff64f9d138f+38455f]
	msedgedriver!(No symbol) [0x7ff64f37fed8]
	msedgedriver!(No symbol) [0x7ff64f38015a]
	msedgedriver!(No symbol) [0x7ff64f3bfd27]
	msedgedriver!(No symbol) [0x7ff64f37615f]
	msedgedriver!(No symbol) [0x7ff64f3bd968]
	msedgedriver!(No symbol) [0x7ff64f37599c]
	msedgedriver!(No symbol) [0x7ff64f374c1d]
	msedgedriver!(No symbol) [0x7ff64f3757c3]
	msedgedriver!(No symbol) [0x7ff64f4abe52]
	msedgedriver!(No symbol) [0x7ff64f4bb879]
	msedgedriver!GetHandleVerifier [0x7ff64f6f9a05+acbd5]
	msedgedriver!GetHandleVerifier [0x7ff64f6ffee1+b30b1]
	msedgedriver!(No symbol) [0x7ff64f5ae3cf]
	msedgedriver!(No symbol) [0x7ff64f5a8da4]
	msedgedriver!(No symbol) [0x7ff64f5a8eca]
	msedgedriver!(No symbol) [0x7ff64f59a488]
	KERNEL32!BaseThreadInitThunk [0x7ff98936cd87+17]
	ntdll!RtlUserThreadStart [0x7ff98ab4caec+2c]
). Recorrendo ao campo de busca...
[20:25:12] Digitando processo SEI-260006/017555/2026 no campo de busca da janela...
[20:25:34] Aviso na tentativa de busca por 'SEI-260006/017555/2026': Message: 
Stacktrace:
	msedgedriver!GetHandleVerifier [0x7ff64f651ad5+4ca5]
	msedgedriver!(No symbol) [0x7ff64f5a2654]
	msedgedriver!GetHandleVerifier [0x7ff64f9d138f+38455f]
	msedgedriver!(No symbol) [0x7ff64f37fed8]
	msedgedriver!(No symbol) [0x7ff64f38015a]
	msedgedriver!(No symbol) [0x7ff64f3bfd27]
	msedgedriver!(No symbol) [0x7ff64f37615f]
	msedgedriver!(No symbol) [0x7ff64f3bd968]
	msedgedriver!(No symbol) [0x7ff64f37599c]
	msedgedriver!(No symbol) [0x7ff64f374c1d]
	msedgedriver!(No symbol) [0x7ff64f3757c3]
	msedgedriver!(No symbol) [0x7ff64f4abe52]
	msedgedriver!(No symbol) [0x7ff64f4bb879]
	msedgedriver!GetHandleVerifier [0x7ff64f6f9a05+acbd5]
	msedgedriver!GetHandleVerifier [0x7ff64f6ffee1+b30b1]
	msedgedriver!(No symbol) [0x7ff64f5ae3cf]
	msedgedriver!(No symbol) [0x7ff64f5a8da4]
	msedgedriver!(No symbol) [0x7ff64f5a8eca]
	msedgedriver!(No symbol) [0x7ff64f59a488]
	KERNEL32!BaseThreadInitThunk [0x7ff98936cd87+17]
	ntdll!RtlUserThreadStart [0x7ff98ab4caec+2c]

[20:25:56] Aviso na tentativa de busca por '260006/017555/2026': Message: 
Stacktrace:
	msedgedriver!GetHandleVerifier [0x7ff64f651ad5+4ca5]
	msedgedriver!(No symbol) [0x7ff64f5a2654]
	msedgedriver!GetHandleVerifier [0x7ff64f9d138f+38455f]
	msedgedriver!(No symbol) [0x7ff64f37fed8]
	msedgedriver!(No symbol) [0x7ff64f38015a]
	msedgedriver!(No symbol) [0x7ff64f3bfd27]
	msedgedriver!(No symbol) [0x7ff64f37615f]
	msedgedriver!(No symbol) [0x7ff64f3bd968]
	msedgedriver!(No symbol) [0x7ff64f37599c]
	msedgedriver!(No symbol) [0x7ff64f374c1d]
	msedgedriver!(No symbol) [0x7ff64f3757c3]
	msedgedriver!(No symbol) [0x7ff64f4abe52]
	msedgedriver!(No symbol) [0x7ff64f4bb879]
	msedgedriver!GetHandleVerifier [0x7ff64f6f9a05+acbd5]
	msedgedriver!GetHandleVerifier [0x7ff64f6ffee1+b30b1]
	msedgedriver!(No symbol) [0x7ff64f5ae3cf]
	msedgedriver!(No symbol) [0x7ff64f5a8da4]
	msedgedriver!(No symbol) [0x7ff64f5a8eca]
	msedgedriver!(No symbol) [0x7ff64f59a488]
	KERNEL32!BaseThreadInitThunk [0x7ff98936cd87+17]
	ntdll!RtlUserThreadStart [0x7ff98ab4caec+2c]

[20:25:56] Falha ao pesquisar/abrir o processo SEI-260006/017555/2026 após tentar formatos alternativos.
[20:25:56] Aviso: Falha ao abrir o processo SEI-260006/017555/2026 (não localizado ou restrito).
[20:25:57] [2/23] Inspecionando processo: SEI-260006/001087/2026
[20:25:57] Digitando processo SEI-260006/001087/2026 no campo de busca da janela...
[20:26:21] Aviso na tentativa de busca por 'SEI-260006/001087/2026': Message: 
Stacktrace:
	msedgedriver!GetHandleVerifier [0x7ff64f651ad5+4ca5]
	msedgedriver!(No symbol) [0x7ff64f5a2654]
	msedgedriver!GetHandleVerifier [0x7ff64f9d138f+38455f]
	msedgedriver!(No symbol) [0x7ff64f37fed8]
	msedgedriver!(No symbol) [0x7ff64f38015a]
	msedgedriver!(No symbol) [0x7ff64f3bfd27]
	msedgedriver!(No symbol) [0x7ff64f37615f]
	msedgedriver!(No symbol) [0x7ff64f3bd968]
	msedgedriver!(No symbol) [0x7ff64f37599c]
	msedgedriver!(No symbol) [0x7ff64f374c1d]
	msedgedriver!(No symbol) [0x7ff64f3757c3]
	msedgedriver!(No symbol) [0x7ff64f4abe52]
	msedgedriver!(No symbol) [0x7ff64f4bb879]
	msedgedriver!GetHandleVerifier [0x7ff64f6f9a05+acbd5]
	msedgedriver!GetHandleVerifier [0x7ff64f6ffee1+b30b1]
	msedgedriver!(No symbol) [0x7ff64f5ae3cf]
	msedgedriver!(No symbol) [0x7ff64f5a8da4]
	msedgedriver!(No symbol) [0x7ff64f5a8eca]
	msedgedriver!(No symbol) [0x7ff64f59a488]
	KERNEL32!BaseThreadInitThunk [0x7ff98936cd87+17]
	ntdll!RtlUserThreadStart [0x7ff98ab4caec+2c]

[20:26:43] Aviso na tentativa de busca por '260006/001087/2026': Message: 
Stacktrace:
	msedgedriver!GetHandleVerifier [0x7ff64f651ad5+4ca5]
	msedgedriver!(No symbol) [0x7ff64f5a2654]
	msedgedriver!GetHandleVerifier [0x7ff64f9d138f+38455f]
	msedgedriver!(No symbol) [0x7ff64f37fed8]
	msedgedriver!(No symbol) [0x7ff64f38015a]
	msedgedriver!(No symbol) [0x7ff64f3bfd27]
	msedgedriver!(No symbol) [0x7ff64f37615f]
	msedgedriver!(No symbol) [0x7ff64f3bd968]
	msedgedriver!(No symbol) [0x7ff64f37599c]
	msedgedriver!(No symbol) [0x7ff64f374c1d]
	msedgedriver!(No symbol) [0x7ff64f3757c3]
	msedgedriver!(No symbol) [0x7ff64f4abe52]
	msedgedriver!(No symbol) [0x7ff64f4bb879]
	msedgedriver!GetHandleVerifier [0x7ff64f6f9a05+acbd5]
	msedgedriver!GetHandleVerifier [0x7ff64f6ffee1+b30b1]
	msedgedriver!(No symbol) [0x7ff64f5ae3cf]
	msedgedriver!(No symbol) [0x7ff64f5a8da4]
	msedgedriver!(No symbol) [0x7ff64f5a8eca]
	msedgedriver!(No symbol) [0x7ff64f59a488]
	KERNEL32!BaseThreadInitThunk [0x7ff98936cd87+17]
	ntdll!RtlUserThreadStart [0x7ff98ab4caec+2c]

[20:26:43] Falha ao pesquisar/abrir o processo SEI-260006/001087/2026 após tentar formatos alternativos.
[20:26:43] Aviso: Falha ao abrir o processo SEI-260006/001087/2026 (não localizado ou restrito).
[20:26:44] [3/23] Inspecionando processo: SEI-260006/054138/2025
[20:26:44] Digitando processo SEI-260006/054138/2025 no campo de busca da janela...
[20:27:06] Aviso na tentativa de busca por 'SEI-260006/054138/2025': Message: 
Stacktrace:
	msedgedriver!GetHandleVerifier [0x7ff64f651ad5+4ca5]
	msedgedriver!(No symbol) [0x7ff64f5a2654]
	msedgedriver!GetHandleVerifier [0x7ff64f9d138f+38455f]
	msedgedriver!(No symbol) [0x7ff64f37fed8]
	msedgedriver!(No symbol) [0x7ff64f38015a]
	msedgedriver!(No symbol) [0x7ff64f3bfd27]
	msedgedriver!(No symbol) [0x7ff64f37615f]
	msedgedriver!(No symbol) [0x7ff64f3bd968]
	msedgedriver!(No symbol) [0x7ff64f37599c]
	msedgedriver!(No symbol) [0x7ff64f374c1d]
	msedgedriver!(No symbol) [0x7ff64f3757c3]
	msedgedriver!(No symbol) [0x7ff64f4abe52]
	msedgedriver!(No symbol) [0x7ff64f4bb879]
	msedgedriver!GetHandleVerifier [0x7ff64f6f9a05+acbd5]
	msedgedriver!GetHandleVerifier [0x7ff64f6ffee1+b30b1]
	msedgedriver!(No symbol) [0x7ff64f5ae3cf]
	msedgedriver!(No symbol) [0x7ff64f5a8da4]
	msedgedriver!(No symbol) [0x7ff64f5a8eca]
	msedgedriver!(No symbol) [0x7ff64f59a488]
	KERNEL32!BaseThreadInitThunk [0x7ff98936cd87+17]
	ntdll!RtlUserThreadStart [0x7ff98ab4caec+2c]

[20:34:22] Iniciando esteira para módulo: Monitoramento atas feitas
[20:34:22] Unidade de lotação selecionada: CINQA
[20:34:22] Carregando lista de processos alvos...
[20:34:23] 3 processo(s) localizado(s) para inspeção.
[20:34:23] Iniciando navegador web (Microsoft Edge / Selenium)...
[20:34:35] Verificando autenticação no SEI...
[20:34:35] Tentando login automático no SEI para o órgão 'UERJ'...
[20:34:35] Tela de login do SEI-RJ identificada. Preenchendo credenciais para órgão 'UERJ'...
[20:34:39] Login no SEI-RJ realizado com sucesso!
[20:34:41] Login automático concluído com sucesso!
[20:34:41] Alternando contexto no SEI para a unidade 'CINQA'...
[20:34:54] Não foi possível alternar unidade pelo seletor padrão: Message: 
Stacktrace:
	msedgedriver!GetHandleVerifier [0x7ff64f651ad5+4ca5]
	msedgedriver!(No symbol) [0x7ff64f5a2654]
	msedgedriver!GetHandleVerifier [0x7ff64f9d138f+38455f]
	msedgedriver!(No symbol) [0x7ff64f37fed8]
	msedgedriver!(No symbol) [0x7ff64f38015a]
	msedgedriver!(No symbol) [0x7ff64f3bfd27]
	msedgedriver!(No symbol) [0x7ff64f37615f]
	msedgedriver!(No symbol) [0x7ff64f3bd968]
	msedgedriver!(No symbol) [0x7ff64f37599c]
	msedgedriver!(No symbol) [0x7ff64f374c1d]
	msedgedriver!(No symbol) [0x7ff64f3757c3]
	msedgedriver!(No symbol) [0x7ff64f4abe52]
	msedgedriver!(No symbol) [0x7ff64f4bb879]
	msedgedriver!GetHandleVerifier [0x7ff64f6f9a05+acbd5]
	msedgedriver!GetHandleVerifier [0x7ff64f6ffee1+b30b1]
	msedgedriver!(No symbol) [0x7ff64f5ae3cf]
	msedgedriver!(No symbol) [0x7ff64f5a8da4]
	msedgedriver!(No symbol) [0x7ff64f5a8eca]
	msedgedriver!(No symbol) [0x7ff64f59a488]
	KERNEL32!BaseThreadInitThunk [0x7ff98936cd87+17]
	ntdll!RtlUserThreadStart [0x7ff98ab4caec+2c]

[20:34:54] [1/3] Inspecionando processo: SEI-260006/017555/2026
[20:34:54] Processo SEI-260006/017555/2026 possui link direto na planilha. Acessando URL...
[20:35:08] Aviso: Não foi possível abrir pelo link direto (Message: 
Stacktrace:
	msedgedriver!GetHandleVerifier [0x7ff64f651ad5+4ca5]
	msedgedriver!(No symbol) [0x7ff64f5a2654]
	msedgedriver!GetHandleVerifier [0x7ff64f9d138f+38455f]
	msedgedriver!(No symbol) [0x7ff64f37fed8]
	msedgedriver!(No symbol) [0x7ff64f38015a]
	msedgedriver!(No symbol) [0x7ff64f3bfd27]
	msedgedriver!(No symbol) [0x7ff64f37615f]
	msedgedriver!(No symbol) [0x7ff64f3bd968]
	msedgedriver!(No symbol) [0x7ff64f37599c]
	msedgedriver!(No symbol) [0x7ff64f374c1d]
	msedgedriver!(No symbol) [0x7ff64f3757c3]
	msedgedriver!(No symbol) [0x7ff64f4abe52]
	msedgedriver!(No symbol) [0x7ff64f4bb879]
	msedgedriver!GetHandleVerifier [0x7ff64f6f9a05+acbd5]
	msedgedriver!GetHandleVerifier [0x7ff64f6ffee1+b30b1]
	msedgedriver!(No symbol) [0x7ff64f5ae3cf]
	msedgedriver!(No symbol) [0x7ff64f5a8da4]
	msedgedriver!(No symbol) [0x7ff64f5a8eca]
	msedgedriver!(No symbol) [0x7ff64f59a488]
	KERNEL32!BaseThreadInitThunk [0x7ff98936cd87+17]
	ntdll!RtlUserThreadStart [0x7ff98ab4caec+2c]
). Recorrendo ao campo de busca...
[20:35:08] Digitando processo SEI-260006/017555/2026 no campo de busca da janela...
[20:35:30] Aviso na tentativa de busca por 'SEI-260006/017555/2026': Message: 
Stacktrace:
	msedgedriver!GetHandleVerifier [0x7ff64f651ad5+4ca5]
	msedgedriver!(No symbol) [0x7ff64f5a2654]
	msedgedriver!GetHandleVerifier [0x7ff64f9d138f+38455f]
	msedgedriver!(No symbol) [0x7ff64f37fed8]
	msedgedriver!(No symbol) [0x7ff64f38015a]
	msedgedriver!(No symbol) [0x7ff64f3bfd27]
	msedgedriver!(No symbol) [0x7ff64f37615f]
	msedgedriver!(No symbol) [0x7ff64f3bd968]
	msedgedriver!(No symbol) [0x7ff64f37599c]
	msedgedriver!(No symbol) [0x7ff64f374c1d]
	msedgedriver!(No symbol) [0x7ff64f3757c3]
	msedgedriver!(No symbol) [0x7ff64f4abe52]
	msedgedriver!(No symbol) [0x7ff64f4bb879]
	msedgedriver!GetHandleVerifier [0x7ff64f6f9a05+acbd5]
	msedgedriver!GetHandleVerifier [0x7ff64f6ffee1+b30b1]
	msedgedriver!(No symbol) [0x7ff64f5ae3cf]
	msedgedriver!(No symbol) [0x7ff64f5a8da4]
	msedgedriver!(No symbol) [0x7ff64f5a8eca]
	msedgedriver!(No symbol) [0x7ff64f59a488]
	KERNEL32!BaseThreadInitThunk [0x7ff98936cd87+17]
	ntdll!RtlUserThreadStart [0x7ff98ab4caec+2c]

[20:35:52] Aviso na tentativa de busca por '260006/017555/2026': Message: 
Stacktrace:
	msedgedriver!GetHandleVerifier [0x7ff64f651ad5+4ca5]
	msedgedriver!(No symbol) [0x7ff64f5a2654]
	msedgedriver!GetHandleVerifier [0x7ff64f9d138f+38455f]
	msedgedriver!(No symbol) [0x7ff64f37fed8]
	msedgedriver!(No symbol) [0x7ff64f38015a]
	msedgedriver!(No symbol) [0x7ff64f3bfd27]
	msedgedriver!(No symbol) [0x7ff64f37615f]
	msedgedriver!(No symbol) [0x7ff64f3bd968]
	msedgedriver!(No symbol) [0x7ff64f37599c]
	msedgedriver!(No symbol) [0x7ff64f374c1d]
	msedgedriver!(No symbol) [0x7ff64f3757c3]
	msedgedriver!(No symbol) [0x7ff64f4abe52]
	msedgedriver!(No symbol) [0x7ff64f4bb879]
	msedgedriver!GetHandleVerifier [0x7ff64f6f9a05+acbd5]
	msedgedriver!GetHandleVerifier [0x7ff64f6ffee1+b30b1]
	msedgedriver!(No symbol) [0x7ff64f5ae3cf]
	msedgedriver!(No symbol) [0x7ff64f5a8da4]
	msedgedriver!(No symbol) [0x7ff64f5a8eca]
	msedgedriver!(No symbol) [0x7ff64f59a488]
	KERNEL32!BaseThreadInitThunk [0x7ff98936cd87+17]
	ntdll!RtlUserThreadStart [0x7ff98ab4caec+2c]

[20:35:52] Falha ao pesquisar/abrir o processo SEI-260006/017555/2026 após tentar formatos alternativos.
[20:35:52] Aviso: Falha ao abrir o processo SEI-260006/017555/2026 (não localizado ou restrito).
[20:35:53] [2/3] Inspecionando processo: SEI-260006/001087/2026
[20:35:53] Digitando processo SEI-260006/001087/2026 no campo de busca da janela...
[20:36:15] Aviso na tentativa de busca por 'SEI-260006/001087/2026': Message: 
Stacktrace:
	msedgedriver!GetHandleVerifier [0x7ff64f651ad5+4ca5]
	msedgedriver!(No symbol) [0x7ff64f5a2654]
	msedgedriver!GetHandleVerifier [0x7ff64f9d138f+38455f]
	msedgedriver!(No symbol) [0x7ff64f37fed8]
	msedgedriver!(No symbol) [0x7ff64f38015a]
	msedgedriver!(No symbol) [0x7ff64f3bfd27]
	msedgedriver!(No symbol) [0x7ff64f37615f]
	msedgedriver!(No symbol) [0x7ff64f3bd968]
	msedgedriver!(No symbol) [0x7ff64f37599c]
	msedgedriver!(No symbol) [0x7ff64f374c1d]
	msedgedriver!(No symbol) [0x7ff64f3757c3]
	msedgedriver!(No symbol) [0x7ff64f4abe52]
	msedgedriver!(No symbol) [0x7ff64f4bb879]
	msedgedriver!GetHandleVerifier [0x7ff64f6f9a05+acbd5]
	msedgedriver!GetHandleVerifier [0x7ff64f6ffee1+b30b1]
	msedgedriver!(No symbol) [0x7ff64f5ae3cf]
	msedgedriver!(No symbol) [0x7ff64f5a8da4]
	msedgedriver!(No symbol) [0x7ff64f5a8eca]
	msedgedriver!(No symbol) [0x7ff64f59a488]
	KERNEL32!BaseThreadInitThunk [0x7ff98936cd87+17]
	ntdll!RtlUserThreadStart [0x7ff98ab4caec+2c]

[20:36:37] Aviso na tentativa de busca por '260006/001087/2026': Message: 
Stacktrace:
	msedgedriver!GetHandleVerifier [0x7ff64f651ad5+4ca5]
	msedgedriver!(No symbol) [0x7ff64f5a2654]
	msedgedriver!GetHandleVerifier [0x7ff64f9d138f+38455f]
	msedgedriver!(No symbol) [0x7ff64f37fed8]
	msedgedriver!(No symbol) [0x7ff64f38015a]
	msedgedriver!(No symbol) [0x7ff64f3bfd27]
	msedgedriver!(No symbol) [0x7ff64f37615f]
	msedgedriver!(No symbol) [0x7ff64f3bd968]
	msedgedriver!(No symbol) [0x7ff64f37599c]
	msedgedriver!(No symbol) [0x7ff64f374c1d]
	msedgedriver!(No symbol) [0x7ff64f3757c3]
	msedgedriver!(No symbol) [0x7ff64f4abe52]
	msedgedriver!(No symbol) [0x7ff64f4bb879]
	msedgedriver!GetHandleVerifier [0x7ff64f6f9a05+acbd5]
	msedgedriver!GetHandleVerifier [0x7ff64f6ffee1+b30b1]
	msedgedriver!(No symbol) [0x7ff64f5ae3cf]
	msedgedriver!(No symbol) [0x7ff64f5a8da4]
	msedgedriver!(No symbol) [0x7ff64f5a8eca]
	msedgedriver!(No symbol) [0x7ff64f59a488]
	KERNEL32!BaseThreadInitThunk [0x7ff98936cd87+17]
	ntdll!RtlUserThreadStart [0x7ff98ab4caec+2c]

[20:36:37] Falha ao pesquisar/abrir o processo SEI-260006/001087/2026 após tentar formatos alternativos.
[20:36:37] Aviso: Falha ao abrir o processo SEI-260006/001087/2026 (não localizado ou restrito).
[20:36:38] [3/3] Inspecionando processo: SEI-260006/054138/2025
[20:36:38] Digitando processo SEI-260006/054138/2025 no campo de busca da janela...
[20:37:01] Aviso na tentativa de busca por 'SEI-260006/054138/2025': Message: 
Stacktrace:
	msedgedriver!GetHandleVerifier [0x7ff64f651ad5+4ca5]
	msedgedriver!(No symbol) [0x7ff64f5a2654]
	msedgedriver!GetHandleVerifier [0x7ff64f9d138f+38455f]
	msedgedriver!(No symbol) [0x7ff64f37fed8]
	msedgedriver!(No symbol) [0x7ff64f38015a]
	msedgedriver!(No symbol) [0x7ff64f3bfd27]
	msedgedriver!(No symbol) [0x7ff64f37615f]
	msedgedriver!(No symbol) [0x7ff64f3bd968]
	msedgedriver!(No symbol) [0x7ff64f37599c]
	msedgedriver!(No symbol) [0x7ff64f374c1d]
	msedgedriver!(No symbol) [0x7ff64f3757c3]
	msedgedriver!(No symbol) [0x7ff64f4abe52]
	msedgedriver!(No symbol) [0x7ff64f4bb879]
	msedgedriver!GetHandleVerifier [0x7ff64f6f9a05+acbd5]
	msedgedriver!GetHandleVerifier [0x7ff64f6ffee1+b30b1]
	msedgedriver!(No symbol) [0x7ff64f5ae3cf]
	msedgedriver!(No symbol) [0x7ff64f5a8da4]
	msedgedriver!(No symbol) [0x7ff64f5a8eca]
	msedgedriver!(No symbol) [0x7ff64f59a488]
	KERNEL32!BaseThreadInitThunk [0x7ff98936cd87+17]
	ntdll!RtlUserThreadStart [0x7ff98ab4caec+2c]

[20:37:23] Aviso na tentativa de busca por '260006/054138/2025': Message: 
Stacktrace:
	msedgedriver!GetHandleVerifier [0x7ff64f651ad5+4ca5]
	msedgedriver!(No symbol) [0x7ff64f5a2654]
	msedgedriver!GetHandleVerifier [0x7ff64f9d138f+38455f]
	msedgedriver!(No symbol) [0x7ff64f37fed8]
	msedgedriver!(No symbol) [0x7ff64f38015a]
	msedgedriver!(No symbol) [0x7ff64f3bfd27]
	msedgedriver!(No symbol) [0x7ff64f37615f]
	msedgedriver!(No symbol) [0x7ff64f3bd968]
	msedgedriver!(No symbol) [0x7ff64f37599c]
	msedgedriver!(No symbol) [0x7ff64f374c1d]
	msedgedriver!(No symbol) [0x7ff64f3757c3]
	msedgedriver!(No symbol) [0x7ff64f4abe52]
	msedgedriver!(No symbol) [0x7ff64f4bb879]
	msedgedriver!GetHandleVerifier [0x7ff64f6f9a05+acbd5]
	msedgedriver!GetHandleVerifier [0x7ff64f6ffee1+b30b1]
	msedgedriver!(No symbol) [0x7ff64f5ae3cf]
	msedgedriver!(No symbol) [0x7ff64f5a8da4]
	msedgedriver!(No symbol) [0x7ff64f5a8eca]
	msedgedriver!(No symbol) [0x7ff64f59a488]
	KERNEL32!BaseThreadInitThunk [0x7ff98936cd87+17]
	ntdll!RtlUserThreadStart [0x7ff98ab4caec+2c]

[20:37:23] Falha ao pesquisar/abrir o processo SEI-260006/054138/2025 após tentar formatos alternativos.
[20:37:23] Aviso: Falha ao abrir o processo SEI-260006/054138/2025 (não localizado ou restrito).
[20:37:24] Encerrando sessão do navegador...
[20:37:27] Formatando dados para exportação...
[20:37:27] Gravando arquivo MonitoramentoAtasFeitas.xlsx...
[20:37:27] Exportação concluída com sucesso em: C:\Users\Misha\Documents\Github\monitor_SEI\data\outputs\MonitoramentoAtasFeitas.xlsx
[20:37:27] >>> ROTINA CONCLUÍDA COM SUCESSO! <<<
[20:37:27] >>> Arquivo gerado em: C:\Users\Misha\Documents\Github\monitor_SEI\data\outputs\MonitoramentoAtasFeitas.xlsx
[20:42:36] Iniciando esteira para módulo: Monitoramento atas feitas
[20:42:36] Unidade de lotação selecionada: CINQA
[20:42:36] Carregando lista de processos alvos...
[20:42:36] 3 processo(s) localizado(s) para inspeção.
[20:42:36] Iniciando navegador web (Microsoft Edge / Selenium)...
[20:42:48] Verificando autenticação no SEI...
[20:42:48] Tentando login automático no SEI para o órgão 'UERJ'...
[20:42:48] Tela de login do SEI-RJ identificada. Preenchendo credenciais para órgão 'UERJ'...
[20:42:54] Login no SEI-RJ realizado com sucesso!
[20:42:56] Login automático concluído com sucesso!
[20:42:56] Alternando contexto no SEI para a unidade 'CINQA'...
[20:43:08] Não foi possível alternar unidade pelo seletor padrão: Message: 
Stacktrace:
	msedgedriver!GetHandleVerifier [0x7ff64f651ad5+4ca5]
	msedgedriver!(No symbol) [0x7ff64f5a2654]
	msedgedriver!GetHandleVerifier [0x7ff64f9d138f+38455f]
	msedgedriver!(No symbol) [0x7ff64f37fed8]
	msedgedriver!(No symbol) [0x7ff64f38015a]
	msedgedriver!(No symbol) [0x7ff64f3bfd27]
	msedgedriver!(No symbol) [0x7ff64f37615f]
	msedgedriver!(No symbol) [0x7ff64f3bd968]
	msedgedriver!(No symbol) [0x7ff64f37599c]
	msedgedriver!(No symbol) [0x7ff64f374c1d]
	msedgedriver!(No symbol) [0x7ff64f3757c3]
	msedgedriver!(No symbol) [0x7ff64f4abe52]
	msedgedriver!(No symbol) [0x7ff64f4bb879]
	msedgedriver!GetHandleVerifier [0x7ff64f6f9a05+acbd5]
	msedgedriver!GetHandleVerifier [0x7ff64f6ffee1+b30b1]
	msedgedriver!(No symbol) [0x7ff64f5ae3cf]
	msedgedriver!(No symbol) [0x7ff64f5a8da4]
	msedgedriver!(No symbol) [0x7ff64f5a8eca]
	msedgedriver!(No symbol) [0x7ff64f59a488]
	KERNEL32!BaseThreadInitThunk [0x7ff98936cd87+17]
	ntdll!RtlUserThreadStart [0x7ff98ab4caec+2c]

[20:43:08] [1/3] Inspecionando processo: SEI-260006/017555/2026
[20:43:08] Processo SEI-260006/017555/2026 possui link direto na planilha. Acessando URL...
[20:43:22] Aviso: Não foi possível abrir pelo link direto (Message: 
Stacktrace:
	msedgedriver!GetHandleVerifier [0x7ff64f651ad5+4ca5]
	msedgedriver!(No symbol) [0x7ff64f5a2654]
	msedgedriver!GetHandleVerifier [0x7ff64f9d138f+38455f]
	msedgedriver!(No symbol) [0x7ff64f37fed8]
	msedgedriver!(No symbol) [0x7ff64f38015a]
	msedgedriver!(No symbol) [0x7ff64f3bfd27]
	msedgedriver!(No symbol) [0x7ff64f37615f]
	msedgedriver!(No symbol) [0x7ff64f3bd968]
	msedgedriver!(No symbol) [0x7ff64f37599c]
	msedgedriver!(No symbol) [0x7ff64f374c1d]
	msedgedriver!(No symbol) [0x7ff64f3757c3]
	msedgedriver!(No symbol) [0x7ff64f4abe52]
	msedgedriver!(No symbol) [0x7ff64f4bb879]
	msedgedriver!GetHandleVerifier [0x7ff64f6f9a05+acbd5]
	msedgedriver!GetHandleVerifier [0x7ff64f6ffee1+b30b1]
	msedgedriver!(No symbol) [0x7ff64f5ae3cf]
	msedgedriver!(No symbol) [0x7ff64f5a8da4]
	msedgedriver!(No symbol) [0x7ff64f5a8eca]
	msedgedriver!(No symbol) [0x7ff64f59a488]
	KERNEL32!BaseThreadInitThunk [0x7ff98936cd87+17]
	ntdll!RtlUserThreadStart [0x7ff98ab4caec+2c]
). Recorrendo ao campo de busca...
[20:43:22] Digitando processo SEI-260006/017555/2026 no campo de busca da janela...
[20:43:45] Aviso na tentativa de busca por 'SEI-260006/017555/2026': Message: 
Stacktrace:
	msedgedriver!GetHandleVerifier [0x7ff64f651ad5+4ca5]
	msedgedriver!(No symbol) [0x7ff64f5a2654]
	msedgedriver!GetHandleVerifier [0x7ff64f9d138f+38455f]
	msedgedriver!(No symbol) [0x7ff64f37fed8]
	msedgedriver!(No symbol) [0x7ff64f38015a]
	msedgedriver!(No symbol) [0x7ff64f3bfd27]
	msedgedriver!(No symbol) [0x7ff64f37615f]
	msedgedriver!(No symbol) [0x7ff64f3bd968]
	msedgedriver!(No symbol) [0x7ff64f37599c]
	msedgedriver!(No symbol) [0x7ff64f374c1d]
	msedgedriver!(No symbol) [0x7ff64f3757c3]
	msedgedriver!(No symbol) [0x7ff64f4abe52]
	msedgedriver!(No symbol) [0x7ff64f4bb879]
	msedgedriver!GetHandleVerifier [0x7ff64f6f9a05+acbd5]
	msedgedriver!GetHandleVerifier [0x7ff64f6ffee1+b30b1]
	msedgedriver!(No symbol) [0x7ff64f5ae3cf]
	msedgedriver!(No symbol) [0x7ff64f5a8da4]
	msedgedriver!(No symbol) [0x7ff64f5a8eca]
	msedgedriver!(No symbol) [0x7ff64f59a488]
	KERNEL32!BaseThreadInitThunk [0x7ff98936cd87+17]
	ntdll!RtlUserThreadStart [0x7ff98ab4caec+2c]

[20:44:07] Aviso na tentativa de busca por '260006/017555/2026': Message: 
Stacktrace:
	msedgedriver!GetHandleVerifier [0x7ff64f651ad5+4ca5]
	msedgedriver!(No symbol) [0x7ff64f5a2654]
	msedgedriver!GetHandleVerifier [0x7ff64f9d138f+38455f]
	msedgedriver!(No symbol) [0x7ff64f37fed8]
	msedgedriver!(No symbol) [0x7ff64f38015a]
	msedgedriver!(No symbol) [0x7ff64f3bfd27]
	msedgedriver!(No symbol) [0x7ff64f37615f]
	msedgedriver!(No symbol) [0x7ff64f3bd968]
	msedgedriver!(No symbol) [0x7ff64f37599c]
	msedgedriver!(No symbol) [0x7ff64f374c1d]
	msedgedriver!(No symbol) [0x7ff64f3757c3]
	msedgedriver!(No symbol) [0x7ff64f4abe52]
	msedgedriver!(No symbol) [0x7ff64f4bb879]
	msedgedriver!GetHandleVerifier [0x7ff64f6f9a05+acbd5]
	msedgedriver!GetHandleVerifier [0x7ff64f6ffee1+b30b1]
	msedgedriver!(No symbol) [0x7ff64f5ae3cf]
	msedgedriver!(No symbol) [0x7ff64f5a8da4]
	msedgedriver!(No symbol) [0x7ff64f5a8eca]
	msedgedriver!(No symbol) [0x7ff64f59a488]
	KERNEL32!BaseThreadInitThunk [0x7ff98936cd87+17]
	ntdll!RtlUserThreadStart [0x7ff98ab4caec+2c]

[20:44:07] Falha ao pesquisar/abrir o processo SEI-260006/017555/2026 após tentar formatos alternativos.
[20:44:07] Aviso: Falha ao abrir o processo SEI-260006/017555/2026 (não localizado ou restrito).
[20:44:08] [2/3] Inspecionando processo: SEI-260006/001087/2026
[20:44:08] Digitando processo SEI-260006/001087/2026 no campo de busca da janela...
[20:46:52] Iniciando esteira para módulo: Monitoramento atas feitas
[20:46:52] Unidade de lotação selecionada: CINQA
[20:46:52] Carregando lista de processos alvos...
[20:46:53] 23 processo(s) localizado(s) para inspeção.
[20:46:53] Iniciando navegador web (Microsoft Edge / Selenium)...
[20:47:05] Verificando autenticação no SEI...
[20:47:06] Tentando login automático no SEI para o órgão 'UERJ'...
[20:47:06] Tela de login do SEI-RJ identificada. Preenchendo credenciais para órgão 'UERJ'...
[20:47:10] Login no SEI-RJ realizado com sucesso!
[20:47:12] Login automático concluído com sucesso!
[20:47:12] [DIAG] URL após login: https://sei.rj.gov.br/sei/controlador.php?acao=procedimento_controlar&acao_origem=principal&acao_retorno=principal&inicializando=1&infra_sistema=100000100&infra_unidade_atual=120007667&infra_hash=b74d046b2912187af0aba06bfac4f7154c85c8ebb0e4a720f8d72f8883fa547e
[20:47:12] [DIAG] Título da página: SEI-RJ - Controle de Processos
[20:47:12] [DIAG] Iframes encontrados (0): []
[20:47:12] [DIAG] txtPesquisaRapida visível: True | selInfraUnidades visível: False
[20:47:12] [DIAG] Screenshot salvo em: C:\Users\Misha\Documents\Github\monitor_SEI\data\outputs\debug_pos_login_204712.png
[20:47:12] Alternando contexto no SEI para a unidade 'CINQA'...
[20:47:24] Não foi possível alternar unidade pelo seletor padrão: Message: 
Stacktrace:
	msedgedriver!GetHandleVerifier [0x7ff64f651ad5+4ca5]
	msedgedriver!(No symbol) [0x7ff64f5a2654]
	msedgedriver!GetHandleVerifier [0x7ff64f9d138f+38455f]
	msedgedriver!(No symbol) [0x7ff64f37fed8]
	msedgedriver!(No symbol) [0x7ff64f38015a]
	msedgedriver!(No symbol) [0x7ff64f3bfd27]
	msedgedriver!(No symbol) [0x7ff64f37615f]
	msedgedriver!(No symbol) [0x7ff64f3bd968]
	msedgedriver!(No symbol) [0x7ff64f37599c]
	msedgedriver!(No symbol) [0x7ff64f374c1d]
	msedgedriver!(No symbol) [0x7ff64f3757c3]
	msedgedriver!(No symbol) [0x7ff64f4abe52]
	msedgedriver!(No symbol) [0x7ff64f4bb879]
	msedgedriver!GetHandleVerifier [0x7ff64f6f9a05+acbd5]
	msedgedriver!GetHandleVerifier [0x7ff64f6ffee1+b30b1]
	msedgedriver!(No symbol) [0x7ff64f5ae3cf]
	msedgedriver!(No symbol) [0x7ff64f5a8da4]
	msedgedriver!(No symbol) [0x7ff64f5a8eca]
	msedgedriver!(No symbol) [0x7ff64f59a488]
	KERNEL32!BaseThreadInitThunk [0x7ff98936cd87+17]
	ntdll!RtlUserThreadStart [0x7ff98ab4caec+2c]

[20:47:24] [1/23] Inspecionando processo: SEI-260006/017555/2026
[20:47:24] Processo SEI-260006/017555/2026 possui link direto na planilha. Acessando URL...
[20:47:39] Aviso: Não foi possível abrir pelo link direto (Message: 
Stacktrace:
	msedgedriver!GetHandleVerifier [0x7ff64f651ad5+4ca5]
	msedgedriver!(No symbol) [0x7ff64f5a2654]
	msedgedriver!GetHandleVerifier [0x7ff64f9d138f+38455f]
	msedgedriver!(No symbol) [0x7ff64f37fed8]
	msedgedriver!(No symbol) [0x7ff64f38015a]
	msedgedriver!(No symbol) [0x7ff64f3bfd27]
	msedgedriver!(No symbol) [0x7ff64f37615f]
	msedgedriver!(No symbol) [0x7ff64f3bd968]
	msedgedriver!(No symbol) [0x7ff64f37599c]
	msedgedriver!(No symbol) [0x7ff64f374c1d]
	msedgedriver!(No symbol) [0x7ff64f3757c3]
	msedgedriver!(No symbol) [0x7ff64f4abe52]
	msedgedriver!(No symbol) [0x7ff64f4bb879]
	msedgedriver!GetHandleVerifier [0x7ff64f6f9a05+acbd5]
	msedgedriver!GetHandleVerifier [0x7ff64f6ffee1+b30b1]
	msedgedriver!(No symbol) [0x7ff64f5ae3cf]
	msedgedriver!(No symbol) [0x7ff64f5a8da4]
	msedgedriver!(No symbol) [0x7ff64f5a8eca]
	msedgedriver!(No symbol) [0x7ff64f59a488]
	KERNEL32!BaseThreadInitThunk [0x7ff98936cd87+17]
	ntdll!RtlUserThreadStart [0x7ff98ab4caec+2c]
). Recorrendo ao campo de busca...
[20:47:39] Digitando processo SEI-260006/017555/2026 no campo de busca da janela...
[20:48:02] Aviso na tentativa de busca por 'SEI-260006/017555/2026': Message: 
Stacktrace:
	msedgedriver!GetHandleVerifier [0x7ff64f651ad5+4ca5]
	msedgedriver!(No symbol) [0x7ff64f5a2654]
	msedgedriver!GetHandleVerifier [0x7ff64f9d138f+38455f]
	msedgedriver!(No symbol) [0x7ff64f37fed8]
	msedgedriver!(No symbol) [0x7ff64f38015a]
	msedgedriver!(No symbol) [0x7ff64f3bfd27]
	msedgedriver!(No symbol) [0x7ff64f37615f]
	msedgedriver!(No symbol) [0x7ff64f3bd968]
	msedgedriver!(No symbol) [0x7ff64f37599c]
	msedgedriver!(No symbol) [0x7ff64f374c1d]
	msedgedriver!(No symbol) [0x7ff64f3757c3]
	msedgedriver!(No symbol) [0x7ff64f4abe52]
	msedgedriver!(No symbol) [0x7ff64f4bb879]
	msedgedriver!GetHandleVerifier [0x7ff64f6f9a05+acbd5]
	msedgedriver!GetHandleVerifier [0x7ff64f6ffee1+b30b1]
	msedgedriver!(No symbol) [0x7ff64f5ae3cf]
	msedgedriver!(No symbol) [0x7ff64f5a8da4]
	msedgedriver!(No symbol) [0x7ff64f5a8eca]
	msedgedriver!(No symbol) [0x7ff64f59a488]
	KERNEL32!BaseThreadInitThunk [0x7ff98936cd87+17]
	ntdll!RtlUserThreadStart [0x7ff98ab4caec+2c]

[20:48:23] Aviso na tentativa de busca por '260006/017555/2026': Message: 
Stacktrace:
	msedgedriver!GetHandleVerifier [0x7ff64f651ad5+4ca5]
	msedgedriver!(No symbol) [0x7ff64f5a2654]
	msedgedriver!GetHandleVerifier [0x7ff64f9d138f+38455f]
	msedgedriver!(No symbol) [0x7ff64f37fed8]
	msedgedriver!(No symbol) [0x7ff64f38015a]
	msedgedriver!(No symbol) [0x7ff64f3bfd27]
	msedgedriver!(No symbol) [0x7ff64f37615f]
	msedgedriver!(No symbol) [0x7ff64f3bd968]
	msedgedriver!(No symbol) [0x7ff64f37599c]
	msedgedriver!(No symbol) [0x7ff64f374c1d]
	msedgedriver!(No symbol) [0x7ff64f3757c3]
	msedgedriver!(No symbol) [0x7ff64f4abe52]
	msedgedriver!(No symbol) [0x7ff64f4bb879]
	msedgedriver!GetHandleVerifier [0x7ff64f6f9a05+acbd5]
	msedgedriver!GetHandleVerifier [0x7ff64f6ffee1+b30b1]
	msedgedriver!(No symbol) [0x7ff64f5ae3cf]
	msedgedriver!(No symbol) [0x7ff64f5a8da4]
	msedgedriver!(No symbol) [0x7ff64f5a8eca]
	msedgedriver!(No symbol) [0x7ff64f59a488]
	KERNEL32!BaseThreadInitThunk [0x7ff98936cd87+17]
	ntdll!RtlUserThreadStart [0x7ff98ab4caec+2c]

[20:48:23] Falha ao pesquisar/abrir o processo SEI-260006/017555/2026 após tentar formatos alternativos.
[20:48:23] Aviso: Falha ao abrir o processo SEI-260006/017555/2026 (não localizado ou restrito).
[20:48:24] [2/23] Inspecionando processo: SEI-260006/001087/2026
[20:48:24] Digitando processo SEI-260006/001087/2026 no campo de busca da janela...
[20:48:47] Aviso na tentativa de busca por 'SEI-260006/001087/2026': Message: 
Stacktrace:
	msedgedriver!GetHandleVerifier [0x7ff64f651ad5+4ca5]
	msedgedriver!(No symbol) [0x7ff64f5a2654]
	msedgedriver!GetHandleVerifier [0x7ff64f9d138f+38455f]
	msedgedriver!(No symbol) [0x7ff64f37fed8]
	msedgedriver!(No symbol) [0x7ff64f38015a]
	msedgedriver!(No symbol) [0x7ff64f3bfd27]
	msedgedriver!(No symbol) [0x7ff64f37615f]
	msedgedriver!(No symbol) [0x7ff64f3bd968]
	msedgedriver!(No symbol) [0x7ff64f37599c]
	msedgedriver!(No symbol) [0x7ff64f374c1d]
	msedgedriver!(No symbol) [0x7ff64f3757c3]
	msedgedriver!(No symbol) [0x7ff64f4abe52]
	msedgedriver!(No symbol) [0x7ff64f4bb879]
	msedgedriver!GetHandleVerifier [0x7ff64f6f9a05+acbd5]
	msedgedriver!GetHandleVerifier [0x7ff64f6ffee1+b30b1]
	msedgedriver!(No symbol) [0x7ff64f5ae3cf]
	msedgedriver!(No symbol) [0x7ff64f5a8da4]
	msedgedriver!(No symbol) [0x7ff64f5a8eca]
	msedgedriver!(No symbol) [0x7ff64f59a488]
	KERNEL32!BaseThreadInitThunk [0x7ff98936cd87+17]
	ntdll!RtlUserThreadStart [0x7ff98ab4caec+2c]

[20:49:08] Aviso na tentativa de busca por '260006/001087/2026': Message: 
Stacktrace:
	msedgedriver!GetHandleVerifier [0x7ff64f651ad5+4ca5]
	msedgedriver!(No symbol) [0x7ff64f5a2654]
	msedgedriver!GetHandleVerifier [0x7ff64f9d138f+38455f]
	msedgedriver!(No symbol) [0x7ff64f37fed8]
	msedgedriver!(No symbol) [0x7ff64f38015a]
	msedgedriver!(No symbol) [0x7ff64f3bfd27]
	msedgedriver!(No symbol) [0x7ff64f37615f]
	msedgedriver!(No symbol) [0x7ff64f3bd968]
	msedgedriver!(No symbol) [0x7ff64f37599c]
	msedgedriver!(No symbol) [0x7ff64f374c1d]
	msedgedriver!(No symbol) [0x7ff64f3757c3]
	msedgedriver!(No symbol) [0x7ff64f4abe52]
	msedgedriver!(No symbol) [0x7ff64f4bb879]
	msedgedriver!GetHandleVerifier [0x7ff64f6f9a05+acbd5]
	msedgedriver!GetHandleVerifier [0x7ff64f6ffee1+b30b1]
	msedgedriver!(No symbol) [0x7ff64f5ae3cf]
	msedgedriver!(No symbol) [0x7ff64f5a8da4]
	msedgedriver!(No symbol) [0x7ff64f5a8eca]
	msedgedriver!(No symbol) [0x7ff64f59a488]
	KERNEL32!BaseThreadInitThunk [0x7ff98936cd87+17]
	ntdll!RtlUserThreadStart [0x7ff98ab4caec+2c]

[20:49:08] Falha ao pesquisar/abrir o processo SEI-260006/001087/2026 após tentar formatos alternativos.
[20:49:08] Aviso: Falha ao abrir o processo SEI-260006/001087/2026 (não localizado ou restrito).
[20:49:09] [3/23] Inspecionando processo: SEI-260006/054138/2025
[20:49:09] Digitando processo SEI-260006/054138/2025 no campo de busca da janela...
[20:49:31] Aviso na tentativa de busca por 'SEI-260006/054138/2025': Message: 
Stacktrace:
	msedgedriver!GetHandleVerifier [0x7ff64f651ad5+4ca5]
	msedgedriver!(No symbol) [0x7ff64f5a2654]
	msedgedriver!GetHandleVerifier [0x7ff64f9d138f+38455f]
	msedgedriver!(No symbol) [0x7ff64f37fed8]
	msedgedriver!(No symbol) [0x7ff64f38015a]
	msedgedriver!(No symbol) [0x7ff64f3bfd27]
	msedgedriver!(No symbol) [0x7ff64f37615f]
	msedgedriver!(No symbol) [0x7ff64f3bd968]
	msedgedriver!(No symbol) [0x7ff64f37599c]
	msedgedriver!(No symbol) [0x7ff64f374c1d]
	msedgedriver!(No symbol) [0x7ff64f3757c3]
	msedgedriver!(No symbol) [0x7ff64f4abe52]
	msedgedriver!(No symbol) [0x7ff64f4bb879]
	msedgedriver!GetHandleVerifier [0x7ff64f6f9a05+acbd5]
	msedgedriver!GetHandleVerifier [0x7ff64f6ffee1+b30b1]
	msedgedriver!(No symbol) [0x7ff64f5ae3cf]
	msedgedriver!(No symbol) [0x7ff64f5a8da4]
	msedgedriver!(No symbol) [0x7ff64f5a8eca]
	msedgedriver!(No symbol) [0x7ff64f59a488]
	KERNEL32!BaseThreadInitThunk [0x7ff98936cd87+17]
	ntdll!RtlUserThreadStart [0x7ff98ab4caec+2c]

[20:49:52] Aviso na tentativa de busca por '260006/054138/2025': Message: 
Stacktrace:
	msedgedriver!GetHandleVerifier [0x7ff64f651ad5+4ca5]
	msedgedriver!(No symbol) [0x7ff64f5a2654]
	msedgedriver!GetHandleVerifier [0x7ff64f9d138f+38455f]
	msedgedriver!(No symbol) [0x7ff64f37fed8]
	msedgedriver!(No symbol) [0x7ff64f38015a]
	msedgedriver!(No symbol) [0x7ff64f3bfd27]
	msedgedriver!(No symbol) [0x7ff64f37615f]
	msedgedriver!(No symbol) [0x7ff64f3bd968]
	msedgedriver!(No symbol) [0x7ff64f37599c]
	msedgedriver!(No symbol) [0x7ff64f374c1d]
	msedgedriver!(No symbol) [0x7ff64f3757c3]
	msedgedriver!(No symbol) [0x7ff64f4abe52]
	msedgedriver!(No symbol) [0x7ff64f4bb879]
	msedgedriver!GetHandleVerifier [0x7ff64f6f9a05+acbd5]
	msedgedriver!GetHandleVerifier [0x7ff64f6ffee1+b30b1]
	msedgedriver!(No symbol) [0x7ff64f5ae3cf]
	msedgedriver!(No symbol) [0x7ff64f5a8da4]
	msedgedriver!(No symbol) [0x7ff64f5a8eca]
	msedgedriver!(No symbol) [0x7ff64f59a488]
	KERNEL32!BaseThreadInitThunk [0x7ff98936cd87+17]
	ntdll!RtlUserThreadStart [0x7ff98ab4caec+2c]

[20:49:52] Falha ao pesquisar/abrir o processo SEI-260006/054138/2025 após tentar formatos alternativos.
[20:49:52] Aviso: Falha ao abrir o processo SEI-260006/054138/2025 (não localizado ou restrito).
[20:49:53] [4/23] Inspecionando processo: SEI-260006/006535/2026
[20:49:53] Digitando processo SEI-260006/006535/2026 no campo de busca da janela...
[20:50:16] Aviso na tentativa de busca por 'SEI-260006/006535/2026': Message: 
Stacktrace:
	msedgedriver!GetHandleVerifier [0x7ff64f651ad5+4ca5]
	msedgedriver!(No symbol) [0x7ff64f5a2654]
	msedgedriver!GetHandleVerifier [0x7ff64f9d138f+38455f]
	msedgedriver!(No symbol) [0x7ff64f37fed8]
	msedgedriver!(No symbol) [0x7ff64f38015a]
	msedgedriver!(No symbol) [0x7ff64f3bfd27]
	msedgedriver!(No symbol) [0x7ff64f37615f]
	msedgedriver!(No symbol) [0x7ff64f3bd968]
	msedgedriver!(No symbol) [0x7ff64f37599c]
	msedgedriver!(No symbol) [0x7ff64f374c1d]
	msedgedriver!(No symbol) [0x7ff64f3757c3]
	msedgedriver!(No symbol) [0x7ff64f4abe52]
	msedgedriver!(No symbol) [0x7ff64f4bb879]
	msedgedriver!GetHandleVerifier [0x7ff64f6f9a05+acbd5]
	msedgedriver!GetHandleVerifier [0x7ff64f6ffee1+b30b1]
	msedgedriver!(No symbol) [0x7ff64f5ae3cf]
	msedgedriver!(No symbol) [0x7ff64f5a8da4]
	msedgedriver!(No symbol) [0x7ff64f5a8eca]
	msedgedriver!(No symbol) [0x7ff64f59a488]
	KERNEL32!BaseThreadInitThunk [0x7ff98936cd87+17]
	ntdll!RtlUserThreadStart [0x7ff98ab4caec+2c]

[20:50:38] Aviso na tentativa de busca por '260006/006535/2026': Message: 
Stacktrace:
	msedgedriver!GetHandleVerifier [0x7ff64f651ad5+4ca5]
	msedgedriver!(No symbol) [0x7ff64f5a2654]
	msedgedriver!GetHandleVerifier [0x7ff64f9d138f+38455f]
	msedgedriver!(No symbol) [0x7ff64f37fed8]
	msedgedriver!(No symbol) [0x7ff64f38015a]
	msedgedriver!(No symbol) [0x7ff64f3bfd27]
	msedgedriver!(No symbol) [0x7ff64f37615f]
	msedgedriver!(No symbol) [0x7ff64f3bd968]
	msedgedriver!(No symbol) [0x7ff64f37599c]
	msedgedriver!(No symbol) [0x7ff64f374c1d]
	msedgedriver!(No symbol) [0x7ff64f3757c3]
	msedgedriver!(No symbol) [0x7ff64f4abe52]
	msedgedriver!(No symbol) [0x7ff64f4bb879]
	msedgedriver!GetHandleVerifier [0x7ff64f6f9a05+acbd5]
	msedgedriver!GetHandleVerifier [0x7ff64f6ffee1+b30b1]
	msedgedriver!(No symbol) [0x7ff64f5ae3cf]
	msedgedriver!(No symbol) [0x7ff64f5a8da4]
	msedgedriver!(No symbol) [0x7ff64f5a8eca]
	msedgedriver!(No symbol) [0x7ff64f59a488]
	KERNEL32!BaseThreadInitThunk [0x7ff98936cd87+17]
	ntdll!RtlUserThreadStart [0x7ff98ab4caec+2c]

[20:50:38] Falha ao pesquisar/abrir o processo SEI-260006/006535/2026 após tentar formatos alternativos.
[20:50:38] Aviso: Falha ao abrir o processo SEI-260006/006535/2026 (não localizado ou restrito).
[20:50:39] [5/23] Inspecionando processo: SEI-260006/017550/2026
[20:50:39] Digitando processo SEI-260006/017550/2026 no campo de busca da janela...
[20:51:01] Aviso na tentativa de busca por 'SEI-260006/017550/2026': Message: 
Stacktrace:
	msedgedriver!GetHandleVerifier [0x7ff64f651ad5+4ca5]
	msedgedriver!(No symbol) [0x7ff64f5a2654]
	msedgedriver!GetHandleVerifier [0x7ff64f9d138f+38455f]
	msedgedriver!(No symbol) [0x7ff64f37fed8]
	msedgedriver!(No symbol) [0x7ff64f38015a]
	msedgedriver!(No symbol) [0x7ff64f3bfd27]
	msedgedriver!(No symbol) [0x7ff64f37615f]
	msedgedriver!(No symbol) [0x7ff64f3bd968]
	msedgedriver!(No symbol) [0x7ff64f37599c]
	msedgedriver!(No symbol) [0x7ff64f374c1d]
	msedgedriver!(No symbol) [0x7ff64f3757c3]
	msedgedriver!(No symbol) [0x7ff64f4abe52]
	msedgedriver!(No symbol) [0x7ff64f4bb879]
	msedgedriver!GetHandleVerifier [0x7ff64f6f9a05+acbd5]
	msedgedriver!GetHandleVerifier [0x7ff64f6ffee1+b30b1]
	msedgedriver!(No symbol) [0x7ff64f5ae3cf]
	msedgedriver!(No symbol) [0x7ff64f5a8da4]
	msedgedriver!(No symbol) [0x7ff64f5a8eca]
	msedgedriver!(No symbol) [0x7ff64f59a488]
	KERNEL32!BaseThreadInitThunk [0x7ff98936cd87+17]
	ntdll!RtlUserThreadStart [0x7ff98ab4caec+2c]

[20:51:23] Aviso na tentativa de busca por '260006/017550/2026': Message: 
Stacktrace:
	msedgedriver!GetHandleVerifier [0x7ff64f651ad5+4ca5]
	msedgedriver!(No symbol) [0x7ff64f5a2654]
	msedgedriver!GetHandleVerifier [0x7ff64f9d138f+38455f]
	msedgedriver!(No symbol) [0x7ff64f37fed8]
	msedgedriver!(No symbol) [0x7ff64f38015a]
	msedgedriver!(No symbol) [0x7ff64f3bfd27]
	msedgedriver!(No symbol) [0x7ff64f37615f]
	msedgedriver!(No symbol) [0x7ff64f3bd968]
	msedgedriver!(No symbol) [0x7ff64f37599c]
	msedgedriver!(No symbol) [0x7ff64f374c1d]
	msedgedriver!(No symbol) [0x7ff64f3757c3]
	msedgedriver!(No symbol) [0x7ff64f4abe52]
	msedgedriver!(No symbol) [0x7ff64f4bb879]
	msedgedriver!GetHandleVerifier [0x7ff64f6f9a05+acbd5]
	msedgedriver!GetHandleVerifier [0x7ff64f6ffee1+b30b1]
	msedgedriver!(No symbol) [0x7ff64f5ae3cf]
	msedgedriver!(No symbol) [0x7ff64f5a8da4]
	msedgedriver!(No symbol) [0x7ff64f5a8eca]
	msedgedriver!(No symbol) [0x7ff64f59a488]
	KERNEL32!BaseThreadInitThunk [0x7ff98936cd87+17]
	ntdll!RtlUserThreadStart [0x7ff98ab4caec+2c]

[20:51:23] Falha ao pesquisar/abrir o processo SEI-260006/017550/2026 após tentar formatos alternativos.
[20:51:23] Aviso: Falha ao abrir o processo SEI-260006/017550/2026 (não localizado ou restrito).
[20:51:24] [6/23] Inspecionando processo: SEI-260006/004904/2026
[20:51:24] Digitando processo SEI-260006/004904/2026 no campo de busca da janela...
[20:51:46] Aviso na tentativa de busca por 'SEI-260006/004904/2026': Message: 
Stacktrace:
	msedgedriver!GetHandleVerifier [0x7ff64f651ad5+4ca5]
	msedgedriver!(No symbol) [0x7ff64f5a2654]
	msedgedriver!GetHandleVerifier [0x7ff64f9d138f+38455f]
	msedgedriver!(No symbol) [0x7ff64f37fed8]
	msedgedriver!(No symbol) [0x7ff64f38015a]
	msedgedriver!(No symbol) [0x7ff64f3bfd27]
	msedgedriver!(No symbol) [0x7ff64f37615f]
	msedgedriver!(No symbol) [0x7ff64f3bd968]
	msedgedriver!(No symbol) [0x7ff64f37599c]
	msedgedriver!(No symbol) [0x7ff64f374c1d]
	msedgedriver!(No symbol) [0x7ff64f3757c3]
	msedgedriver!(No symbol) [0x7ff64f4abe52]
	msedgedriver!(No symbol) [0x7ff64f4bb879]
	msedgedriver!GetHandleVerifier [0x7ff64f6f9a05+acbd5]
	msedgedriver!GetHandleVerifier [0x7ff64f6ffee1+b30b1]
	msedgedriver!(No symbol) [0x7ff64f5ae3cf]
	msedgedriver!(No symbol) [0x7ff64f5a8da4]
	msedgedriver!(No symbol) [0x7ff64f5a8eca]
	msedgedriver!(No symbol) [0x7ff64f59a488]
	KERNEL32!BaseThreadInitThunk [0x7ff98936cd87+17]
	ntdll!RtlUserThreadStart [0x7ff98ab4caec+2c]

[21:02:55] Iniciando esteira para módulo: Monitoramento atas feitas
[21:02:55] Unidade de lotação selecionada: CINQA
[21:02:55] Carregando lista de processos alvos...
[21:02:56] 2 processo(s) localizado(s) para inspeção.
[21:02:56] Iniciando navegador web (Microsoft Edge / Selenium)...
[21:03:09] Verificando autenticação no SEI...
[21:03:09] Tentando login automático no SEI para o órgão 'UERJ'...
[21:03:09] Tela de login do SEI-RJ identificada. Preenchendo credenciais para órgão 'UERJ'...
[21:03:13] Login no SEI-RJ realizado com sucesso!
[21:03:15] Login automático concluído com sucesso!
[21:03:15] [DIAG] URL após login: https://sei.rj.gov.br/sei/controlador.php?acao=procedimento_controlar&acao_origem=principal&acao_retorno=principal&inicializando=1&infra_sistema=100000100&infra_unidade_atual=120007667&infra_hash=956d383534fb30a7306e813fd5f3c5135f48475278d36b9160c986f2f6650ae9
[21:03:15] [DIAG] Título da página: SEI-RJ - Controle de Processos
[21:03:15] [DIAG] Iframes encontrados (0): []
[21:03:15] [DIAG] txtPesquisaRapida visível: True | selInfraUnidades visível: False
[21:03:15] [DIAG] Screenshot salvo em: C:\Users\Misha\Documents\Github\monitor_SEI\data\outputs\debug_pos_login_210315.png
[21:03:15] Alternando contexto no SEI para a unidade 'CINQA'...
[21:03:15] Aviso: Combo de unidades não localizado. Unidade atual mantida.
[21:03:15] [1/2] Inspecionando processo: SEI-260006/017555/2026
[21:03:15] Processo SEI-260006/017555/2026 possui link direto na planilha. Acessando URL...
[21:03:29] Aviso: Não foi possível abrir pelo link direto (Message: 
Stacktrace:
	msedgedriver!GetHandleVerifier [0x7ff64f651ad5+4ca5]
	msedgedriver!(No symbol) [0x7ff64f5a2654]
	msedgedriver!GetHandleVerifier [0x7ff64f9d138f+38455f]
	msedgedriver!(No symbol) [0x7ff64f37fed8]
	msedgedriver!(No symbol) [0x7ff64f38015a]
	msedgedriver!(No symbol) [0x7ff64f3bfd27]
	msedgedriver!(No symbol) [0x7ff64f37615f]
	msedgedriver!(No symbol) [0x7ff64f3bd968]
	msedgedriver!(No symbol) [0x7ff64f37599c]
	msedgedriver!(No symbol) [0x7ff64f374c1d]
	msedgedriver!(No symbol) [0x7ff64f3757c3]
	msedgedriver!(No symbol) [0x7ff64f4abe52]
	msedgedriver!(No symbol) [0x7ff64f4bb879]
	msedgedriver!GetHandleVerifier [0x7ff64f6f9a05+acbd5]
	msedgedriver!GetHandleVerifier [0x7ff64f6ffee1+b30b1]
	msedgedriver!(No symbol) [0x7ff64f5ae3cf]
	msedgedriver!(No symbol) [0x7ff64f5a8da4]
	msedgedriver!(No symbol) [0x7ff64f5a8eca]
	msedgedriver!(No symbol) [0x7ff64f59a488]
	KERNEL32!BaseThreadInitThunk [0x7ff98936cd87+17]
	ntdll!RtlUserThreadStart [0x7ff98ab4caec+2c]
). Recorrendo ao campo de busca...
[21:03:29] Digitando processo SEI-260006/017555/2026 no campo de busca da janela...
[21:03:52] Aviso na tentativa de busca por 'SEI-260006/017555/2026': Message: 
Stacktrace:
	msedgedriver!GetHandleVerifier [0x7ff64f651ad5+4ca5]
	msedgedriver!(No symbol) [0x7ff64f5a2654]
	msedgedriver!GetHandleVerifier [0x7ff64f9d138f+38455f]
	msedgedriver!(No symbol) [0x7ff64f37fed8]
	msedgedriver!(No symbol) [0x7ff64f38015a]
	msedgedriver!(No symbol) [0x7ff64f3bfd27]
	msedgedriver!(No symbol) [0x7ff64f37615f]
	msedgedriver!(No symbol) [0x7ff64f3bd968]
	msedgedriver!(No symbol) [0x7ff64f37599c]
	msedgedriver!(No symbol) [0x7ff64f374c1d]
	msedgedriver!(No symbol) [0x7ff64f3757c3]
	msedgedriver!(No symbol) [0x7ff64f4abe52]
	msedgedriver!(No symbol) [0x7ff64f4bb879]
	msedgedriver!GetHandleVerifier [0x7ff64f6f9a05+acbd5]
	msedgedriver!GetHandleVerifier [0x7ff64f6ffee1+b30b1]
	msedgedriver!(No symbol) [0x7ff64f5ae3cf]
	msedgedriver!(No symbol) [0x7ff64f5a8da4]
	msedgedriver!(No symbol) [0x7ff64f5a8eca]
	msedgedriver!(No symbol) [0x7ff64f59a488]
	KERNEL32!BaseThreadInitThunk [0x7ff98936cd87+17]
	ntdll!RtlUserThreadStart [0x7ff98ab4caec+2c]

[21:04:11] Sessão do navegador perdida ao processar SEI-260006/017555/2026: Message: invalid session id: session deleted as the browser has closed the connection
from disconnected: not connected to DevTools
  (Session info: MicrosoftEdge=153.0.4234.32); For documentation on this error, please visit: https://www.selenium.dev/documentation/webdriver/troubleshooting/errors#invalidsessionidexception
Stacktrace:
	msedgedriver!GetHandleVerifier [0x7ff64f651ad5+4ca5]
	msedgedriver!(No symbol) [0x7ff64f5a2654]
	msedgedriver!GetHandleVerifier [0x7ff64f9d138f+38455f]
	msedgedriver!(No symbol) [0x7ff64f325f3a]
	msedgedriver!(No symbol) [0x7ff64f341758]
	msedgedriver!(No symbol) [0x7ff64f3a5c65]
	msedgedriver!(No symbol) [0x7ff64f3bd26f]
	msedgedriver!(No symbol) [0x7ff64f37599c]
	msedgedriver!(No symbol) [0x7ff64f374c1d]
	msedgedriver!(No symbol) [0x7ff64f3757c3]
	msedgedriver!(No symbol) [0x7ff64f4abe52]
	msedgedriver!(No symbol) [0x7ff64f4bb879]
	msedgedriver!GetHandleVerifier [0x7ff64f6f9a05+acbd5]
	msedgedriver!GetHandleVerifier [0x7ff64f6ffee1+b30b1]
	msedgedriver!(No symbol) [0x7ff64f5ae3cf]
	msedgedriver!(No symbol) [0x7ff64f5a8da4]
	msedgedriver!(No symbol) [0x7ff64f5a8eca]
	msedgedriver!(No symbol) [0x7ff64f59a488]
	KERNEL32!BaseThreadInitThunk [0x7ff98936cd87+17]
	ntdll!RtlUserThreadStart [0x7ff98ab4caec+2c]

[21:04:13] Tentando reiniciar o navegador para continuar a execução...
[21:04:25] Tentando login automático no SEI para o órgão 'UERJ'...
[21:04:25] Tela de login do SEI-RJ identificada. Preenchendo credenciais para órgão 'UERJ'...
[21:04:31] Login no SEI-RJ realizado com sucesso!
[21:04:33] Login automático concluído com sucesso!
[21:04:33] Aviso: Combo de unidades não localizado. Unidade atual mantida.
[21:04:33] Navegador reiniciado. Retomando a partir do processo 2/2.
[21:04:33] [2/2] Inspecionando processo: SEI-260006/001087/2026
[21:04:33] Digitando processo SEI-260006/001087/2026 no campo de busca da janela...
[21:07:41] Iniciando esteira para módulo: Monitoramento atas feitas
[21:07:41] Unidade de lotação selecionada: CINQA
[21:07:41] Carregando lista de processos alvos...
[21:07:42] 2 processo(s) localizado(s) para inspeção.
[21:07:42] Iniciando navegador web (Microsoft Edge / Selenium)...
[21:07:53] Verificando autenticação no SEI...
[21:07:54] Tentando login automático no SEI para o órgão 'UERJ'...
[21:07:54] Tela de login do SEI-RJ identificada. Preenchendo credenciais para órgão 'UERJ'...
[21:07:58] Login no SEI-RJ realizado com sucesso!
[21:08:00] Login automático concluído com sucesso!
[21:08:00] [DIAG] URL após login: https://sei.rj.gov.br/sei/controlador.php?acao=procedimento_controlar&acao_origem=principal&acao_retorno=principal&inicializando=1&infra_sistema=100000100&infra_unidade_atual=120007667&infra_hash=88ca76fd188ee8f26018d5c9898134d68399f3f24774f002fc5b5a42ba24f567
[21:08:00] [DIAG] Título da página: SEI-RJ - Controle de Processos
[21:08:00] [DIAG] Iframes encontrados (0): []
[21:08:00] [DIAG] txtPesquisaRapida visível: True | selInfraUnidades visível: False
[21:08:00] [DIAG] Screenshot salvo em: C:\Users\Misha\Documents\Github\monitor_SEI\data\outputs\debug_pos_login_210800.png
[21:08:00] Alternando contexto no SEI para a unidade 'CINQA'...
[21:08:00] Aviso: Combo de unidades não localizado. Unidade atual mantida.
[21:08:00] [1/2] Inspecionando processo: SEI-260006/017555/2026
[21:08:00] Processo SEI-260006/017555/2026 possui link direto na planilha. Acessando URL...
[21:08:15] Aviso: Não foi possível abrir pelo link direto (Message: 
Stacktrace:
	msedgedriver!GetHandleVerifier [0x7ff64f651ad5+4ca5]
	msedgedriver!(No symbol) [0x7ff64f5a2654]
	msedgedriver!GetHandleVerifier [0x7ff64f9d138f+38455f]
	msedgedriver!(No symbol) [0x7ff64f37fed8]
	msedgedriver!(No symbol) [0x7ff64f38015a]
	msedgedriver!(No symbol) [0x7ff64f3bfd27]
	msedgedriver!(No symbol) [0x7ff64f37615f]
	msedgedriver!(No symbol) [0x7ff64f3bd968]
	msedgedriver!(No symbol) [0x7ff64f37599c]
	msedgedriver!(No symbol) [0x7ff64f374c1d]
	msedgedriver!(No symbol) [0x7ff64f3757c3]
	msedgedriver!(No symbol) [0x7ff64f4abe52]
	msedgedriver!(No symbol) [0x7ff64f4bb879]
	msedgedriver!GetHandleVerifier [0x7ff64f6f9a05+acbd5]
	msedgedriver!GetHandleVerifier [0x7ff64f6ffee1+b30b1]
	msedgedriver!(No symbol) [0x7ff64f5ae3cf]
	msedgedriver!(No symbol) [0x7ff64f5a8da4]
	msedgedriver!(No symbol) [0x7ff64f5a8eca]
	msedgedriver!(No symbol) [0x7ff64f59a488]
	KERNEL32!BaseThreadInitThunk [0x7ff98936cd87+17]
	ntdll!RtlUserThreadStart [0x7ff98ab4caec+2c]
). Recorrendo ao campo de busca...
[21:08:15] Digitando processo SEI-260006/017555/2026 no campo de busca da janela...
[21:12:49] Iniciando esteira para módulo: Monitoramento atas feitas
[21:12:49] Unidade de lotação selecionada: CINQA
[21:12:49] Carregando lista de processos alvos...
[21:12:50] 2 processo(s) localizado(s) para inspeção.
[21:12:50] Iniciando navegador web (Microsoft Edge / Selenium)...
[21:13:02] Verificando autenticação no SEI...
[21:13:02] Tentando login automático no SEI para o órgão 'UERJ'...
[21:13:02] Tela de login do SEI-RJ identificada. Preenchendo credenciais para órgão 'UERJ'...
[21:13:06] Login no SEI-RJ realizado com sucesso!
[21:13:08] Login automático concluído com sucesso!
[21:13:08] [DIAG] URL após login: https://sei.rj.gov.br/sei/controlador.php?acao=procedimento_controlar&acao_origem=principal&acao_retorno=principal&inicializando=1&infra_sistema=100000100&infra_unidade_atual=120007667&infra_hash=a8ead64d7d904a2f9e27cc59984a513bc5efb51405a272533aa64827e945e9bd
[21:13:08] [DIAG] Título da página: SEI-RJ - Controle de Processos
[21:13:08] [DIAG] Iframes encontrados (0): []
[21:13:08] [DIAG] txtPesquisaRapida visível: True | selInfraUnidades visível: False
[21:13:09] [DIAG] Screenshot salvo em: C:\Users\Misha\Documents\Github\monitor_SEI\data\outputs\debug_pos_login_211308.png
[21:13:09] Alternando contexto no SEI para a unidade 'CINQA'...
[21:13:09] Aviso: Combo de unidades não localizado. Unidade atual mantida.
[21:13:09] [1/2] Inspecionando processo: SEI-260006/017555/2026
[21:13:09] Processo SEI-260006/017555/2026 possui link direto na planilha. Acessando URL...
[21:13:23] Aviso: Não foi possível abrir pelo link direto (Message: 
Stacktrace:
	msedgedriver!GetHandleVerifier [0x7ff64f651ad5+4ca5]
	msedgedriver!(No symbol) [0x7ff64f5a2654]
	msedgedriver!GetHandleVerifier [0x7ff64f9d138f+38455f]
	msedgedriver!(No symbol) [0x7ff64f37fed8]
	msedgedriver!(No symbol) [0x7ff64f38015a]
	msedgedriver!(No symbol) [0x7ff64f3bfd27]
	msedgedriver!(No symbol) [0x7ff64f37615f]
	msedgedriver!(No symbol) [0x7ff64f3bd968]
	msedgedriver!(No symbol) [0x7ff64f37599c]
	msedgedriver!(No symbol) [0x7ff64f374c1d]
	msedgedriver!(No symbol) [0x7ff64f3757c3]
	msedgedriver!(No symbol) [0x7ff64f4abe52]
	msedgedriver!(No symbol) [0x7ff64f4bb879]
	msedgedriver!GetHandleVerifier [0x7ff64f6f9a05+acbd5]
	msedgedriver!GetHandleVerifier [0x7ff64f6ffee1+b30b1]
	msedgedriver!(No symbol) [0x7ff64f5ae3cf]
	msedgedriver!(No symbol) [0x7ff64f5a8da4]
	msedgedriver!(No symbol) [0x7ff64f5a8eca]
	msedgedriver!(No symbol) [0x7ff64f59a488]
	KERNEL32!BaseThreadInitThunk [0x7ff98936cd87+17]
	ntdll!RtlUserThreadStart [0x7ff98ab4caec+2c]
). Recorrendo ao campo de busca...
[21:13:23] Digitando processo SEI-260006/017555/2026 no campo de busca da janela...
[21:13:46] Aviso na tentativa de busca por 'SEI-260006/017555/2026': Message: 
Stacktrace:
	msedgedriver!GetHandleVerifier [0x7ff64f651ad5+4ca5]
	msedgedriver!(No symbol) [0x7ff64f5a2654]
	msedgedriver!GetHandleVerifier [0x7ff64f9d138f+38455f]
	msedgedriver!(No symbol) [0x7ff64f37fed8]
	msedgedriver!(No symbol) [0x7ff64f38015a]
	msedgedriver!(No symbol) [0x7ff64f3bfd27]
	msedgedriver!(No symbol) [0x7ff64f37615f]
	msedgedriver!(No symbol) [0x7ff64f3bd968]
	msedgedriver!(No symbol) [0x7ff64f37599c]
	msedgedriver!(No symbol) [0x7ff64f374c1d]
	msedgedriver!(No symbol) [0x7ff64f3757c3]
	msedgedriver!(No symbol) [0x7ff64f4abe52]
	msedgedriver!(No symbol) [0x7ff64f4bb879]
	msedgedriver!GetHandleVerifier [0x7ff64f6f9a05+acbd5]
	msedgedriver!GetHandleVerifier [0x7ff64f6ffee1+b30b1]
	msedgedriver!(No symbol) [0x7ff64f5ae3cf]
	msedgedriver!(No symbol) [0x7ff64f5a8da4]
	msedgedriver!(No symbol) [0x7ff64f5a8eca]
	msedgedriver!(No symbol) [0x7ff64f59a488]
	KERNEL32!BaseThreadInitThunk [0x7ff98936cd87+17]
	ntdll!RtlUserThreadStart [0x7ff98ab4caec+2c]

[21:14:07] Aviso na tentativa de busca por '260006/017555/2026': Message: 
Stacktrace:
	msedgedriver!GetHandleVerifier [0x7ff64f651ad5+4ca5]
	msedgedriver!(No symbol) [0x7ff64f5a2654]
	msedgedriver!GetHandleVerifier [0x7ff64f9d138f+38455f]
	msedgedriver!(No symbol) [0x7ff64f37fed8]
	msedgedriver!(No symbol) [0x7ff64f38015a]
	msedgedriver!(No symbol) [0x7ff64f3bfd27]
	msedgedriver!(No symbol) [0x7ff64f37615f]
	msedgedriver!(No symbol) [0x7ff64f3bd968]
	msedgedriver!(No symbol) [0x7ff64f37599c]
	msedgedriver!(No symbol) [0x7ff64f374c1d]
	msedgedriver!(No symbol) [0x7ff64f3757c3]
	msedgedriver!(No symbol) [0x7ff64f4abe52]
	msedgedriver!(No symbol) [0x7ff64f4bb879]
	msedgedriver!GetHandleVerifier [0x7ff64f6f9a05+acbd5]
	msedgedriver!GetHandleVerifier [0x7ff64f6ffee1+b30b1]
	msedgedriver!(No symbol) [0x7ff64f5ae3cf]
	msedgedriver!(No symbol) [0x7ff64f5a8da4]
	msedgedriver!(No symbol) [0x7ff64f5a8eca]
	msedgedriver!(No symbol) [0x7ff64f59a488]
	KERNEL32!BaseThreadInitThunk [0x7ff98936cd87+17]
	ntdll!RtlUserThreadStart [0x7ff98ab4caec+2c]

[21:14:07] Falha ao pesquisar/abrir o processo SEI-260006/017555/2026 após tentar formatos alternativos.
[21:14:07] Aviso: Falha ao abrir o processo SEI-260006/017555/2026 (não localizado ou restrito).
[21:14:08] [2/2] Inspecionando processo: SEI-260006/001087/2026
[21:14:08] Digitando processo SEI-260006/001087/2026 no campo de busca da janela...
[21:14:31] Aviso na tentativa de busca por 'SEI-260006/001087/2026': Message: 
Stacktrace:
	msedgedriver!GetHandleVerifier [0x7ff64f651ad5+4ca5]
	msedgedriver!(No symbol) [0x7ff64f5a2654]
	msedgedriver!GetHandleVerifier [0x7ff64f9d138f+38455f]
	msedgedriver!(No symbol) [0x7ff64f37fed8]
	msedgedriver!(No symbol) [0x7ff64f38015a]
	msedgedriver!(No symbol) [0x7ff64f3bfd27]
	msedgedriver!(No symbol) [0x7ff64f37615f]
	msedgedriver!(No symbol) [0x7ff64f3bd968]
	msedgedriver!(No symbol) [0x7ff64f37599c]
	msedgedriver!(No symbol) [0x7ff64f374c1d]
	msedgedriver!(No symbol) [0x7ff64f3757c3]
	msedgedriver!(No symbol) [0x7ff64f4abe52]
	msedgedriver!(No symbol) [0x7ff64f4bb879]
	msedgedriver!GetHandleVerifier [0x7ff64f6f9a05+acbd5]
	msedgedriver!GetHandleVerifier [0x7ff64f6ffee1+b30b1]
	msedgedriver!(No symbol) [0x7ff64f5ae3cf]
	msedgedriver!(No symbol) [0x7ff64f5a8da4]
	msedgedriver!(No symbol) [0x7ff64f5a8eca]
	msedgedriver!(No symbol) [0x7ff64f59a488]
	KERNEL32!BaseThreadInitThunk [0x7ff98936cd87+17]
	ntdll!RtlUserThreadStart [0x7ff98ab4caec+2c]

[21:14:52] Aviso na tentativa de busca por '260006/001087/2026': Message: 
Stacktrace:
	msedgedriver!GetHandleVerifier [0x7ff64f651ad5+4ca5]
	msedgedriver!(No symbol) [0x7ff64f5a2654]
	msedgedriver!GetHandleVerifier [0x7ff64f9d138f+38455f]
	msedgedriver!(No symbol) [0x7ff64f37fed8]
	msedgedriver!(No symbol) [0x7ff64f38015a]
	msedgedriver!(No symbol) [0x7ff64f3bfd27]
	msedgedriver!(No symbol) [0x7ff64f37615f]
	msedgedriver!(No symbol) [0x7ff64f3bd968]
	msedgedriver!(No symbol) [0x7ff64f37599c]
	msedgedriver!(No symbol) [0x7ff64f374c1d]
	msedgedriver!(No symbol) [0x7ff64f3757c3]
	msedgedriver!(No symbol) [0x7ff64f4abe52]
	msedgedriver!(No symbol) [0x7ff64f4bb879]
	msedgedriver!GetHandleVerifier [0x7ff64f6f9a05+acbd5]
	msedgedriver!GetHandleVerifier [0x7ff64f6ffee1+b30b1]
	msedgedriver!(No symbol) [0x7ff64f5ae3cf]
	msedgedriver!(No symbol) [0x7ff64f5a8da4]
	msedgedriver!(No symbol) [0x7ff64f5a8eca]
	msedgedriver!(No symbol) [0x7ff64f59a488]
	KERNEL32!BaseThreadInitThunk [0x7ff98936cd87+17]
	ntdll!RtlUserThreadStart [0x7ff98ab4caec+2c]

[21:14:52] Falha ao pesquisar/abrir o processo SEI-260006/001087/2026 após tentar formatos alternativos.
[21:14:52] Aviso: Falha ao abrir o processo SEI-260006/001087/2026 (não localizado ou restrito).
[21:14:53] Encerrando sessão do navegador...
[21:14:56] Formatando dados para exportação...
[21:14:56] Gravando arquivo MonitoramentoAtasFeitas.xlsx...
[21:14:56] Exportação concluída com sucesso em: C:\Users\Misha\Documents\Github\monitor_SEI\data\outputs\MonitoramentoAtasFeitas.xlsx
[21:14:56] >>> ROTINA CONCLUÍDA COM SUCESSO! <<<
[21:14:56] >>> Arquivo gerado em: C:\Users\Misha\Documents\Github\monitor_SEI\data\outputs\MonitoramentoAtasFeitas.xlsx
[21:25:29] Iniciando esteira para módulo: Monitoramento atas feitas
[21:25:29] Unidade de lotação selecionada: CINQA
[21:25:29] Carregando lista de processos alvos...
[21:25:30] 2 processo(s) localizado(s) para inspeção.
[21:25:30] Iniciando navegador web (Microsoft Edge / Selenium)...
[21:25:42] Verificando autenticação no SEI...
[21:25:42] Tentando login automático no SEI para o órgão 'UERJ'...
[21:25:42] Tela de login do SEI-RJ identificada. Preenchendo credenciais para órgão 'UERJ'...
[21:25:48] Login no SEI-RJ realizado com sucesso!
[21:25:50] Login automático concluído com sucesso!
[21:25:50] [DIAG] URL após login: https://sei.rj.gov.br/sei/controlador.php?acao=procedimento_controlar&acao_origem=principal&acao_retorno=principal&inicializando=1&infra_sistema=100000100&infra_unidade_atual=120007667&infra_hash=230dd0d797196e139506265bbe3be4d717309b060732804f7333065a8b6d5ec4
[21:25:50] [DIAG] Título da página: SEI-RJ - Controle de Processos
[21:25:50] [DIAG] Iframes encontrados (0): []
[21:25:50] [DIAG] txtPesquisaRapida visível: True | selInfraUnidades visível: False
[21:25:50] [DIAG] Screenshot salvo em: C:\Users\Misha\Documents\Github\monitor_SEI\data\outputs\debug_pos_login_212550.png
[21:25:50] Alternando contexto no SEI para a unidade 'CINQA'...
[21:25:50] Aviso: Combo de unidades não localizado. Unidade atual mantida.
[21:25:50] [1/2] Inspecionando processo: SEI-260006/017555/2026
[21:25:50] Processo SEI-260006/017555/2026 possui link direto na planilha. Acessando URL...
[22:21:20] Iniciando esteira para módulo: Monitoramento atas feitas
[22:21:20] Unidade de lotação selecionada: CINQA
[22:21:20] Carregando lista de processos alvos...
[22:21:20] 2 processo(s) localizado(s) para inspeção.
[22:21:20] Iniciando navegador web (Microsoft Edge / Selenium)...
[22:21:30] Verificando autenticação no SEI...
[22:21:30] Tentando login automático no SEI para o órgão 'UERJ'...
[22:21:30] Tela de login do SEI-RJ identificada. Preenchendo credenciais para órgão 'UERJ'...
[22:21:37] Login no SEI-RJ realizado com sucesso!
[22:21:39] Login automático concluído com sucesso!
[22:21:39] [DIAG] URL após login: https://sei.rj.gov.br/sei/controlador.php?acao=procedimento_controlar&acao_origem=principal&acao_retorno=principal&inicializando=1&infra_sistema=100000100&infra_unidade_atual=120007667&infra_hash=1b53963591fb69c0d612ba1a356d92bfafeb033c8c235b595f20530d998ac7e5
[22:21:39] [DIAG] Título da página: SEI-RJ - Controle de Processos
[22:21:39] [DIAG] Iframes encontrados (0): []
[22:21:39] [DIAG] txtPesquisaRapida visível: True | selInfraUnidades visível: False
[22:21:39] [DIAG] Screenshot salvo em: C:\Users\Misha\Documents\Github\monitor_SEI\data\outputs\debug_pos_login_222139.png
[22:21:39] Alternando contexto no SEI para a unidade 'CINQA'...
[22:21:39] Aviso: Combo de unidades não localizado. Unidade atual mantida.
[22:21:39] [1/2] Inspecionando processo: SEI-260006/017555/2026
[22:21:39] Processo SEI-260006/017555/2026 possui link direto na planilha. Acessando URL...
[22:21:54] Aviso: Não foi possível abrir pelo link direto (Message: 
Stacktrace:
	msedgedriver!GetHandleVerifier [0x7ff709821bf5+4ca5]
	msedgedriver!(No symbol) [0x7ff709772774]
	msedgedriver!GetHandleVerifier [0x7ff709ba13cf+38447f]
	msedgedriver!(No symbol) [0x7ff70954fed8]
	msedgedriver!(No symbol) [0x7ff70955015a]
	msedgedriver!(No symbol) [0x7ff70958fd27]
	msedgedriver!(No symbol) [0x7ff70954615f]
	msedgedriver!(No symbol) [0x7ff70958d968]
	msedgedriver!(No symbol) [0x7ff70954599c]
	msedgedriver!(No symbol) [0x7ff709544c1d]
	msedgedriver!(No symbol) [0x7ff7095457c3]
	msedgedriver!(No symbol) [0x7ff70967c442]
	msedgedriver!(No symbol) [0x7ff70968be69]
	msedgedriver!GetHandleVerifier [0x7ff7098c9b25+acbd5]
	msedgedriver!GetHandleVerifier [0x7ff7098d0001+b30b1]
	msedgedriver!(No symbol) [0x7ff70977e4ef]
	msedgedriver!(No symbol) [0x7ff709778ec4]
	msedgedriver!(No symbol) [0x7ff709778fea]
	msedgedriver!(No symbol) [0x7ff70976a5a8]
	KERNEL32!BaseThreadInitThunk [0x7ffa4640cd87+17]
	ntdll!RtlUserThreadStart [0x7ffa46accaec+2c]
). Recorrendo ao campo de busca...
[22:21:54] Digitando processo SEI-260006/017555/2026 no campo de busca da janela...
[22:22:14] Aviso na tentativa de busca por 'SEI-260006/017555/2026': Message: 
Stacktrace:
	msedgedriver!GetHandleVerifier [0x7ff709821bf5+4ca5]
	msedgedriver!(No symbol) [0x7ff709772774]
	msedgedriver!GetHandleVerifier [0x7ff709ba13cf+38447f]
	msedgedriver!(No symbol) [0x7ff70954fed8]
	msedgedriver!(No symbol) [0x7ff70955015a]
	msedgedriver!(No symbol) [0x7ff70958fd27]
	msedgedriver!(No symbol) [0x7ff70954615f]
	msedgedriver!(No symbol) [0x7ff70958d968]
	msedgedriver!(No symbol) [0x7ff70954599c]
	msedgedriver!(No symbol) [0x7ff709544c1d]
	msedgedriver!(No symbol) [0x7ff7095457c3]
	msedgedriver!(No symbol) [0x7ff70967c442]
	msedgedriver!(No symbol) [0x7ff70968be69]
	msedgedriver!GetHandleVerifier [0x7ff7098c9b25+acbd5]
	msedgedriver!GetHandleVerifier [0x7ff7098d0001+b30b1]
	msedgedriver!(No symbol) [0x7ff70977e4ef]
	msedgedriver!(No symbol) [0x7ff709778ec4]
	msedgedriver!(No symbol) [0x7ff709778fea]
	msedgedriver!(No symbol) [0x7ff70976a5a8]
	KERNEL32!BaseThreadInitThunk [0x7ffa4640cd87+17]
	ntdll!RtlUserThreadStart [0x7ffa46accaec+2c]

[22:22:34] Aviso na tentativa de busca por '260006/017555/2026': Message: 
Stacktrace:
	msedgedriver!GetHandleVerifier [0x7ff709821bf5+4ca5]
	msedgedriver!(No symbol) [0x7ff709772774]
	msedgedriver!GetHandleVerifier [0x7ff709ba13cf+38447f]
	msedgedriver!(No symbol) [0x7ff70954fed8]
	msedgedriver!(No symbol) [0x7ff70955015a]
	msedgedriver!(No symbol) [0x7ff70958fd27]
	msedgedriver!(No symbol) [0x7ff70954615f]
	msedgedriver!(No symbol) [0x7ff70958d968]
	msedgedriver!(No symbol) [0x7ff70954599c]
	msedgedriver!(No symbol) [0x7ff709544c1d]
	msedgedriver!(No symbol) [0x7ff7095457c3]
	msedgedriver!(No symbol) [0x7ff70967c442]
	msedgedriver!(No symbol) [0x7ff70968be69]
	msedgedriver!GetHandleVerifier [0x7ff7098c9b25+acbd5]
	msedgedriver!GetHandleVerifier [0x7ff7098d0001+b30b1]
	msedgedriver!(No symbol) [0x7ff70977e4ef]
	msedgedriver!(No symbol) [0x7ff709778ec4]
	msedgedriver!(No symbol) [0x7ff709778fea]
	msedgedriver!(No symbol) [0x7ff70976a5a8]
	KERNEL32!BaseThreadInitThunk [0x7ffa4640cd87+17]
	ntdll!RtlUserThreadStart [0x7ffa46accaec+2c]

[22:22:34] Falha ao pesquisar/abrir o processo SEI-260006/017555/2026 após tentar formatos alternativos.
[22:22:34] Aviso: Falha ao abrir o processo SEI-260006/017555/2026 (não localizado ou restrito).
[22:22:35] [2/2] Inspecionando processo: SEI-260006/001087/2026
[22:22:35] Digitando processo SEI-260006/001087/2026 no campo de busca da janela...
[22:22:56] Aviso na tentativa de busca por 'SEI-260006/001087/2026': Message: 
Stacktrace:
	msedgedriver!GetHandleVerifier [0x7ff709821bf5+4ca5]
	msedgedriver!(No symbol) [0x7ff709772774]
	msedgedriver!GetHandleVerifier [0x7ff709ba13cf+38447f]
	msedgedriver!(No symbol) [0x7ff70954fed8]
	msedgedriver!(No symbol) [0x7ff70955015a]
	msedgedriver!(No symbol) [0x7ff70958fd27]
	msedgedriver!(No symbol) [0x7ff70954615f]
	msedgedriver!(No symbol) [0x7ff70958d968]
	msedgedriver!(No symbol) [0x7ff70954599c]
	msedgedriver!(No symbol) [0x7ff709544c1d]
	msedgedriver!(No symbol) [0x7ff7095457c3]
	msedgedriver!(No symbol) [0x7ff70967c442]
	msedgedriver!(No symbol) [0x7ff70968be69]
	msedgedriver!GetHandleVerifier [0x7ff7098c9b25+acbd5]
	msedgedriver!GetHandleVerifier [0x7ff7098d0001+b30b1]
	msedgedriver!(No symbol) [0x7ff70977e4ef]
	msedgedriver!(No symbol) [0x7ff709778ec4]
	msedgedriver!(No symbol) [0x7ff709778fea]
	msedgedriver!(No symbol) [0x7ff70976a5a8]
	KERNEL32!BaseThreadInitThunk [0x7ffa4640cd87+17]
	ntdll!RtlUserThreadStart [0x7ffa46accaec+2c]

[22:23:16] Aviso na tentativa de busca por '260006/001087/2026': Message: 
Stacktrace:
	msedgedriver!GetHandleVerifier [0x7ff709821bf5+4ca5]
	msedgedriver!(No symbol) [0x7ff709772774]
	msedgedriver!GetHandleVerifier [0x7ff709ba13cf+38447f]
	msedgedriver!(No symbol) [0x7ff70954fed8]
	msedgedriver!(No symbol) [0x7ff70955015a]
	msedgedriver!(No symbol) [0x7ff70958fd27]
	msedgedriver!(No symbol) [0x7ff70954615f]
	msedgedriver!(No symbol) [0x7ff70958d968]
	msedgedriver!(No symbol) [0x7ff70954599c]
	msedgedriver!(No symbol) [0x7ff709544c1d]
	msedgedriver!(No symbol) [0x7ff7095457c3]
	msedgedriver!(No symbol) [0x7ff70967c442]
	msedgedriver!(No symbol) [0x7ff70968be69]
	msedgedriver!GetHandleVerifier [0x7ff7098c9b25+acbd5]
	msedgedriver!GetHandleVerifier [0x7ff7098d0001+b30b1]
	msedgedriver!(No symbol) [0x7ff70977e4ef]
	msedgedriver!(No symbol) [0x7ff709778ec4]
	msedgedriver!(No symbol) [0x7ff709778fea]
	msedgedriver!(No symbol) [0x7ff70976a5a8]
	KERNEL32!BaseThreadInitThunk [0x7ffa4640cd87+17]
	ntdll!RtlUserThreadStart [0x7ffa46accaec+2c]

[22:23:16] Falha ao pesquisar/abrir o processo SEI-260006/001087/2026 após tentar formatos alternativos.
[22:23:16] Aviso: Falha ao abrir o processo SEI-260006/001087/2026 (não localizado ou restrito).
[22:23:17] Encerrando sessão do navegador...
[22:23:19] Formatando dados para exportação...
[22:23:19] Gravando arquivo MonitoramentoAtasFeitas.xlsx...
[22:23:19] Exportação concluída com sucesso em: C:\Users\Misha\Documents\Github\monitor_SEI\data\outputs\MonitoramentoAtasFeitas.xlsx
[22:23:19] >>> ROTINA CONCLUÍDA COM SUCESSO! <<<
[22:23:19] >>> Arquivo gerado em: C:\Users\Misha\Documents\Github\monitor_SEI\data\outputs\MonitoramentoAtasFeitas.xlsx
[22:28:05] Iniciando esteira para módulo: Monitoramento atas feitas
[22:28:05] Unidade de lotação selecionada: CINQA
[22:28:05] Carregando lista de processos alvos...
[22:28:05] 2 processo(s) localizado(s) para inspeção.
[22:28:05] Iniciando navegador web (Microsoft Edge / Selenium)...
[22:28:17] Verificando autenticação no SEI...
[22:28:17] Tentando login automático no SEI para o órgão 'UERJ'...
[22:28:17] Tela de login do SEI-RJ identificada. Preenchendo credenciais para órgão 'UERJ'...
[22:28:24] Login no SEI-RJ realizado com sucesso!
[22:28:26] Login automático concluído com sucesso!
[22:28:26] [DIAG] URL após login: https://sei.rj.gov.br/sei/controlador.php?acao=procedimento_controlar&acao_origem=principal&acao_retorno=principal&inicializando=1&infra_sistema=100000100&infra_unidade_atual=120007667&infra_hash=5818dc8c3a077f64b2a5bdcc02d16f77867dc2eddd5aa24f5e9991491d944018
[22:28:26] [DIAG] Título da página: SEI-RJ - Controle de Processos
[22:28:26] [DIAG] Iframes encontrados (0): []
[22:28:26] [DIAG] txtPesquisaRapida visível: True | selInfraUnidades visível: False
[22:28:26] [DIAG] Screenshot salvo em: C:\Users\Misha\Documents\Github\monitor_SEI\data\outputs\debug_pos_login_222826.png
[22:28:26] Alternando contexto no SEI para a unidade 'CINQA'...
[22:28:26] Aviso: Combo de unidades não localizado. Unidade atual mantida.
[22:28:26] [1/2] Inspecionando processo: SEI-260006/017555/2026
[22:28:26] Processo SEI-260006/017555/2026 possui link direto na planilha. Acessando URL...
[22:28:41] Aviso: Não foi possível abrir pelo link direto (Message: 
Stacktrace:
	msedgedriver!GetHandleVerifier [0x7ff709821bf5+4ca5]
	msedgedriver!(No symbol) [0x7ff709772774]
	msedgedriver!GetHandleVerifier [0x7ff709ba13cf+38447f]
	msedgedriver!(No symbol) [0x7ff70954fed8]
	msedgedriver!(No symbol) [0x7ff70955015a]
	msedgedriver!(No symbol) [0x7ff70958fd27]
	msedgedriver!(No symbol) [0x7ff70954615f]
	msedgedriver!(No symbol) [0x7ff70958d968]
	msedgedriver!(No symbol) [0x7ff70954599c]
	msedgedriver!(No symbol) [0x7ff709544c1d]
	msedgedriver!(No symbol) [0x7ff7095457c3]
	msedgedriver!(No symbol) [0x7ff70967c442]
	msedgedriver!(No symbol) [0x7ff70968be69]
	msedgedriver!GetHandleVerifier [0x7ff7098c9b25+acbd5]
	msedgedriver!GetHandleVerifier [0x7ff7098d0001+b30b1]
	msedgedriver!(No symbol) [0x7ff70977e4ef]
	msedgedriver!(No symbol) [0x7ff709778ec4]
	msedgedriver!(No symbol) [0x7ff709778fea]
	msedgedriver!(No symbol) [0x7ff70976a5a8]
	KERNEL32!BaseThreadInitThunk [0x7ffa4640cd87+17]
	ntdll!RtlUserThreadStart [0x7ffa46accaec+2c]
). Recorrendo ao campo de busca...
[22:28:41] Digitando processo SEI-260006/017555/2026 no campo de busca da janela...
[22:29:01] Aviso na tentativa de busca por 'SEI-260006/017555/2026': Message: 
Stacktrace:
	msedgedriver!GetHandleVerifier [0x7ff709821bf5+4ca5]
	msedgedriver!(No symbol) [0x7ff709772774]
	msedgedriver!GetHandleVerifier [0x7ff709ba13cf+38447f]
	msedgedriver!(No symbol) [0x7ff70954fed8]
	msedgedriver!(No symbol) [0x7ff70955015a]
	msedgedriver!(No symbol) [0x7ff70958fd27]
	msedgedriver!(No symbol) [0x7ff70954615f]
	msedgedriver!(No symbol) [0x7ff70958d968]
	msedgedriver!(No symbol) [0x7ff70954599c]
	msedgedriver!(No symbol) [0x7ff709544c1d]
	msedgedriver!(No symbol) [0x7ff7095457c3]
	msedgedriver!(No symbol) [0x7ff70967c442]
	msedgedriver!(No symbol) [0x7ff70968be69]
	msedgedriver!GetHandleVerifier [0x7ff7098c9b25+acbd5]
	msedgedriver!GetHandleVerifier [0x7ff7098d0001+b30b1]
	msedgedriver!(No symbol) [0x7ff70977e4ef]
	msedgedriver!(No symbol) [0x7ff709778ec4]
	msedgedriver!(No symbol) [0x7ff709778fea]
	msedgedriver!(No symbol) [0x7ff70976a5a8]
	KERNEL32!BaseThreadInitThunk [0x7ffa4640cd87+17]
	ntdll!RtlUserThreadStart [0x7ffa46accaec+2c]

[22:29:23] Aviso na tentativa de busca por '260006/017555/2026': Message: 
Stacktrace:
	msedgedriver!GetHandleVerifier [0x7ff709821bf5+4ca5]
	msedgedriver!(No symbol) [0x7ff709772774]
	msedgedriver!GetHandleVerifier [0x7ff709ba13cf+38447f]
	msedgedriver!(No symbol) [0x7ff70954fed8]
	msedgedriver!(No symbol) [0x7ff70955015a]
	msedgedriver!(No symbol) [0x7ff70958fd27]
	msedgedriver!(No symbol) [0x7ff70954615f]
	msedgedriver!(No symbol) [0x7ff70958d968]
	msedgedriver!(No symbol) [0x7ff70954599c]
	msedgedriver!(No symbol) [0x7ff709544c1d]
	msedgedriver!(No symbol) [0x7ff7095457c3]
	msedgedriver!(No symbol) [0x7ff70967c442]
	msedgedriver!(No symbol) [0x7ff70968be69]
	msedgedriver!GetHandleVerifier [0x7ff7098c9b25+acbd5]
	msedgedriver!GetHandleVerifier [0x7ff7098d0001+b30b1]
	msedgedriver!(No symbol) [0x7ff70977e4ef]
	msedgedriver!(No symbol) [0x7ff709778ec4]
	msedgedriver!(No symbol) [0x7ff709778fea]
	msedgedriver!(No symbol) [0x7ff70976a5a8]
	KERNEL32!BaseThreadInitThunk [0x7ffa4640cd87+17]
	ntdll!RtlUserThreadStart [0x7ffa46accaec+2c]

[22:29:23] Falha ao pesquisar/abrir o processo SEI-260006/017555/2026 após tentar formatos alternativos.
[22:29:23] Aviso: Falha ao abrir o processo SEI-260006/017555/2026 (não localizado ou restrito).
[22:29:24] [2/2] Inspecionando processo: SEI-260006/001087/2026
[22:29:24] Digitando processo SEI-260006/001087/2026 no campo de busca da janela...
[22:29:36] Aviso na tentativa de busca por 'SEI-260006/001087/2026': Message: 
Stacktrace:
	msedgedriver!GetHandleVerifier [0x7ff709821bf5+4ca5]
	msedgedriver!(No symbol) [0x7ff709772774]
	msedgedriver!GetHandleVerifier [0x7ff709ba13cf+38447f]
	msedgedriver!(No symbol) [0x7ff70954fed8]
	msedgedriver!(No symbol) [0x7ff70955015a]
	msedgedriver!(No symbol) [0x7ff70958fd27]
	msedgedriver!(No symbol) [0x7ff70954615f]
	msedgedriver!(No symbol) [0x7ff70958d968]
	msedgedriver!(No symbol) [0x7ff70954599c]
	msedgedriver!(No symbol) [0x7ff709544c1d]
	msedgedriver!(No symbol) [0x7ff7095457c3]
	msedgedriver!(No symbol) [0x7ff70967c442]
	msedgedriver!(No symbol) [0x7ff70968be69]
	msedgedriver!GetHandleVerifier [0x7ff7098c9b25+acbd5]
	msedgedriver!GetHandleVerifier [0x7ff7098d0001+b30b1]
	msedgedriver!(No symbol) [0x7ff70977e4ef]
	msedgedriver!(No symbol) [0x7ff709778ec4]
	msedgedriver!(No symbol) [0x7ff709778fea]
	msedgedriver!(No symbol) [0x7ff70976a5a8]
	KERNEL32!BaseThreadInitThunk [0x7ffa4640cd87+17]
	ntdll!RtlUserThreadStart [0x7ffa46accaec+2c]

[22:29:49] Aviso na tentativa de busca por '260006/001087/2026': Message: 
Stacktrace:
	msedgedriver!GetHandleVerifier [0x7ff709821bf5+4ca5]
	msedgedriver!(No symbol) [0x7ff709772774]
	msedgedriver!GetHandleVerifier [0x7ff709ba13cf+38447f]
	msedgedriver!(No symbol) [0x7ff70954fed8]
	msedgedriver!(No symbol) [0x7ff70955015a]
	msedgedriver!(No symbol) [0x7ff70958fd27]
	msedgedriver!(No symbol) [0x7ff70954615f]
	msedgedriver!(No symbol) [0x7ff70958d968]
	msedgedriver!(No symbol) [0x7ff70954599c]
	msedgedriver!(No symbol) [0x7ff709544c1d]
	msedgedriver!(No symbol) [0x7ff7095457c3]
	msedgedriver!(No symbol) [0x7ff70967c442]
	msedgedriver!(No symbol) [0x7ff70968be69]
	msedgedriver!GetHandleVerifier [0x7ff7098c9b25+acbd5]
	msedgedriver!GetHandleVerifier [0x7ff7098d0001+b30b1]
	msedgedriver!(No symbol) [0x7ff70977e4ef]
	msedgedriver!(No symbol) [0x7ff709778ec4]
	msedgedriver!(No symbol) [0x7ff709778fea]
	msedgedriver!(No symbol) [0x7ff70976a5a8]
	KERNEL32!BaseThreadInitThunk [0x7ffa4640cd87+17]
	ntdll!RtlUserThreadStart [0x7ffa46accaec+2c]

[22:29:49] Falha ao pesquisar/abrir o processo SEI-260006/001087/2026 após tentar formatos alternativos.
[22:29:49] Aviso: Falha ao abrir o processo SEI-260006/001087/2026 (não localizado ou restrito).
[22:29:50] Encerrando sessão do navegador...
[22:29:52] Formatando dados para exportação...
[22:29:52] Gravando arquivo MonitoramentoAtasFeitas.xlsx...
[22:29:52] Exportação concluída com sucesso em: C:\Users\Misha\Documents\Github\monitor_SEI\data\outputs\MonitoramentoAtasFeitas.xlsx
[22:29:52] >>> ROTINA CONCLUÍDA COM SUCESSO! <<<
[22:29:52] >>> Arquivo gerado em: C:\Users\Misha\Documents\Github\monitor_SEI\data\outputs\MonitoramentoAtasFeitas.xlsx
[22:35:41] Iniciando esteira para módulo: Monitoramento atas feitas
[22:35:41] Unidade de lotação selecionada: CINQA
[22:35:41] Carregando lista de processos alvos...
[22:35:42] 2 processo(s) localizado(s) para inspeção.
[22:35:42] Iniciando navegador web (Microsoft Edge / Selenium)...
[22:35:51] Verificando autenticação no SEI...
[22:35:51] Tentando login automático no SEI para o órgão 'UERJ'...
[22:35:51] Tela de login do SEI-RJ identificada. Preenchendo credenciais para órgão 'UERJ'...
[22:35:55] Login no SEI-RJ realizado com sucesso!
[22:35:57] Login automático concluído com sucesso!
[22:35:57] [DIAG] URL após login: https://sei.rj.gov.br/sei/controlador.php?acao=procedimento_controlar&acao_origem=principal&acao_retorno=principal&inicializando=1&infra_sistema=100000100&infra_unidade_atual=120007667&infra_hash=8cf7f7ada40ebda9aea39ea1d6121e8d813d4d13760558edb665fa05083668e8
[22:35:57] [DIAG] Título da página: SEI-RJ - Controle de Processos
[22:35:57] [DIAG] Iframes encontrados (0): []
[22:35:57] [DIAG] txtPesquisaRapida visível: True | selInfraUnidades visível: False
[22:35:57] [DIAG] Screenshot salvo em: C:\Users\Misha\Documents\Github\monitor_SEI\data\outputs\debug_pos_login_223557.png
[22:35:57] Alternando contexto no SEI para a unidade 'CINQA'...
[22:35:57] Aviso: Combo de unidades não localizado. Unidade atual mantida.
[22:35:57] [1/2] Inspecionando processo: SEI-260006/017555/2026
[22:35:57] Processo SEI-260006/017555/2026 possui link direto na planilha. Acessando URL...
[22:35:59] Identificado modal de identificação de processo sigiloso (#divIdentificacao). Solicitando credencial...
[22:35:59]   → Usuário: 'brpersoncpf=05089752630'
[22:35:59]   → Senha: informada (preenchendo...)
[22:36:00]   → Screenshot salvo em: C:\Users\Misha\Documents\Github\monitor_SEI\data\outputs\debug_sigiloso_223600.png
[22:36:00] Senha preenchida no modal de identificação de processo sigiloso.
[22:36:02] Credencial de sigilo confirmada com sucesso.
[22:36:15] Aviso: Não foi possível abrir pelo link direto (Message: 
Stacktrace:
	msedgedriver!GetHandleVerifier [0x7ff709821bf5+4ca5]
	msedgedriver!(No symbol) [0x7ff709772774]
	msedgedriver!GetHandleVerifier [0x7ff709ba13cf+38447f]
	msedgedriver!(No symbol) [0x7ff70954fed8]
	msedgedriver!(No symbol) [0x7ff70955015a]
	msedgedriver!(No symbol) [0x7ff70958fd27]
	msedgedriver!(No symbol) [0x7ff70954615f]
	msedgedriver!(No symbol) [0x7ff70958d968]
	msedgedriver!(No symbol) [0x7ff70954599c]
	msedgedriver!(No symbol) [0x7ff709544c1d]
	msedgedriver!(No symbol) [0x7ff7095457c3]
	msedgedriver!(No symbol) [0x7ff70967c442]
	msedgedriver!(No symbol) [0x7ff70968be69]
	msedgedriver!GetHandleVerifier [0x7ff7098c9b25+acbd5]
	msedgedriver!GetHandleVerifier [0x7ff7098d0001+b30b1]
	msedgedriver!(No symbol) [0x7ff70977e4ef]
	msedgedriver!(No symbol) [0x7ff709778ec4]
	msedgedriver!(No symbol) [0x7ff709778fea]
	msedgedriver!(No symbol) [0x7ff70976a5a8]
	KERNEL32!BaseThreadInitThunk [0x7ffa4640cd87+17]
	ntdll!RtlUserThreadStart [0x7ffa46accaec+2c]
). Recorrendo ao campo de busca...
[22:36:15] Digitando processo SEI-260006/017555/2026 no campo de busca da janela...
[22:36:24] Identificado modal de identificação de processo sigiloso (#divIdentificacao). Solicitando credencial...
[22:36:24]   → Usuário: 'brpersoncpf=05089752630'
[22:36:24]   → Senha: informada (preenchendo...)
[22:36:24]   → Screenshot salvo em: C:\Users\Misha\Documents\Github\monitor_SEI\data\outputs\debug_sigiloso_223624.png
[22:36:24] Senha preenchida no modal de identificação de processo sigiloso.
[22:36:26] Credencial de sigilo confirmada com sucesso.
[22:36:38] Aviso na tentativa de busca por 'SEI-260006/017555/2026': Message: 
Stacktrace:
	msedgedriver!GetHandleVerifier [0x7ff709821bf5+4ca5]
	msedgedriver!(No symbol) [0x7ff709772774]
	msedgedriver!GetHandleVerifier [0x7ff709ba13cf+38447f]
	msedgedriver!(No symbol) [0x7ff70954fed8]
	msedgedriver!(No symbol) [0x7ff70955015a]
	msedgedriver!(No symbol) [0x7ff70958fd27]
	msedgedriver!(No symbol) [0x7ff70954615f]
	msedgedriver!(No symbol) [0x7ff70958d968]
	msedgedriver!(No symbol) [0x7ff70954599c]
	msedgedriver!(No symbol) [0x7ff709544c1d]
	msedgedriver!(No symbol) [0x7ff7095457c3]
	msedgedriver!(No symbol) [0x7ff70967c442]
	msedgedriver!(No symbol) [0x7ff70968be69]
	msedgedriver!GetHandleVerifier [0x7ff7098c9b25+acbd5]
	msedgedriver!GetHandleVerifier [0x7ff7098d0001+b30b1]
	msedgedriver!(No symbol) [0x7ff70977e4ef]
	msedgedriver!(No symbol) [0x7ff709778ec4]
	msedgedriver!(No symbol) [0x7ff709778fea]
	msedgedriver!(No symbol) [0x7ff70976a5a8]
	KERNEL32!BaseThreadInitThunk [0x7ffa4640cd87+17]
	ntdll!RtlUserThreadStart [0x7ffa46accaec+2c]

[22:36:47] Identificado modal de identificação de processo sigiloso (#divIdentificacao). Solicitando credencial...
[22:36:47]   → Usuário: 'brpersoncpf=05089752630'
[22:36:47]   → Senha: informada (preenchendo...)
[22:36:47]   → Screenshot salvo em: C:\Users\Misha\Documents\Github\monitor_SEI\data\outputs\debug_sigiloso_223647.png
[22:36:47] Senha preenchida no modal de identificação de processo sigiloso.
[22:36:50] Credencial de sigilo confirmada com sucesso.
[22:37:02] Aviso na tentativa de busca por '260006/017555/2026': Message: 
Stacktrace:
	msedgedriver!GetHandleVerifier [0x7ff709821bf5+4ca5]
	msedgedriver!(No symbol) [0x7ff709772774]
	msedgedriver!GetHandleVerifier [0x7ff709ba13cf+38447f]
	msedgedriver!(No symbol) [0x7ff70954fed8]
	msedgedriver!(No symbol) [0x7ff70955015a]
	msedgedriver!(No symbol) [0x7ff70958fd27]
	msedgedriver!(No symbol) [0x7ff70954615f]
	msedgedriver!(No symbol) [0x7ff70958d968]
	msedgedriver!(No symbol) [0x7ff70954599c]
	msedgedriver!(No symbol) [0x7ff709544c1d]
	msedgedriver!(No symbol) [0x7ff7095457c3]
	msedgedriver!(No symbol) [0x7ff70967c442]
	msedgedriver!(No symbol) [0x7ff70968be69]
	msedgedriver!GetHandleVerifier [0x7ff7098c9b25+acbd5]
	msedgedriver!GetHandleVerifier [0x7ff7098d0001+b30b1]
	msedgedriver!(No symbol) [0x7ff70977e4ef]
	msedgedriver!(No symbol) [0x7ff709778ec4]
	msedgedriver!(No symbol) [0x7ff709778fea]
	msedgedriver!(No symbol) [0x7ff70976a5a8]
	KERNEL32!BaseThreadInitThunk [0x7ffa4640cd87+17]
	ntdll!RtlUserThreadStart [0x7ffa46accaec+2c]

[22:37:02] Falha ao pesquisar/abrir o processo SEI-260006/017555/2026 após tentar formatos alternativos.
[22:37:02] Aviso: Falha ao abrir o processo SEI-260006/017555/2026 (não localizado ou restrito).
[22:37:03] [2/2] Inspecionando processo: SEI-260006/001087/2026
[22:37:03] Digitando processo SEI-260006/001087/2026 no campo de busca da janela...
[22:37:12] Identificado modal de identificação de processo sigiloso (#divIdentificacao). Solicitando credencial...
[22:37:12]   → Usuário: 'brpersoncpf=05089752630'
[22:37:12]   → Senha: informada (preenchendo...)
[22:37:12]   → Screenshot salvo em: C:\Users\Misha\Documents\Github\monitor_SEI\data\outputs\debug_sigiloso_223712.png
[22:37:12] Senha preenchida no modal de identificação de processo sigiloso.
[22:37:14] Credencial de sigilo confirmada com sucesso.
[22:37:27] Aviso na tentativa de busca por 'SEI-260006/001087/2026': Message: 
Stacktrace:
	msedgedriver!GetHandleVerifier [0x7ff709821bf5+4ca5]
	msedgedriver!(No symbol) [0x7ff709772774]
	msedgedriver!GetHandleVerifier [0x7ff709ba13cf+38447f]
	msedgedriver!(No symbol) [0x7ff70954fed8]
	msedgedriver!(No symbol) [0x7ff70955015a]
	msedgedriver!(No symbol) [0x7ff70958fd27]
	msedgedriver!(No symbol) [0x7ff70954615f]
	msedgedriver!(No symbol) [0x7ff70958d968]
	msedgedriver!(No symbol) [0x7ff70954599c]
	msedgedriver!(No symbol) [0x7ff709544c1d]
	msedgedriver!(No symbol) [0x7ff7095457c3]
	msedgedriver!(No symbol) [0x7ff70967c442]
	msedgedriver!(No symbol) [0x7ff70968be69]
	msedgedriver!GetHandleVerifier [0x7ff7098c9b25+acbd5]
	msedgedriver!GetHandleVerifier [0x7ff7098d0001+b30b1]
	msedgedriver!(No symbol) [0x7ff70977e4ef]
	msedgedriver!(No symbol) [0x7ff709778ec4]
	msedgedriver!(No symbol) [0x7ff709778fea]
	msedgedriver!(No symbol) [0x7ff70976a5a8]
	KERNEL32!BaseThreadInitThunk [0x7ffa4640cd87+17]
	ntdll!RtlUserThreadStart [0x7ffa46accaec+2c]

[22:37:35] Identificado modal de identificação de processo sigiloso (#divIdentificacao). Solicitando credencial...
[22:37:35]   → Usuário: 'brpersoncpf=05089752630'
[22:37:35]   → Senha: informada (preenchendo...)
[22:37:35]   → Screenshot salvo em: C:\Users\Misha\Documents\Github\monitor_SEI\data\outputs\debug_sigiloso_223735.png
[22:37:36] Senha preenchida no modal de identificação de processo sigiloso.
[22:37:38] Credencial de sigilo confirmada com sucesso.
[22:37:50] Aviso na tentativa de busca por '260006/001087/2026': Message: 
Stacktrace:
	msedgedriver!GetHandleVerifier [0x7ff709821bf5+4ca5]
	msedgedriver!(No symbol) [0x7ff709772774]
	msedgedriver!GetHandleVerifier [0x7ff709ba13cf+38447f]
	msedgedriver!(No symbol) [0x7ff70954fed8]
	msedgedriver!(No symbol) [0x7ff70955015a]
	msedgedriver!(No symbol) [0x7ff70958fd27]
	msedgedriver!(No symbol) [0x7ff70954615f]
	msedgedriver!(No symbol) [0x7ff70958d968]
	msedgedriver!(No symbol) [0x7ff70954599c]
	msedgedriver!(No symbol) [0x7ff709544c1d]
	msedgedriver!(No symbol) [0x7ff7095457c3]
	msedgedriver!(No symbol) [0x7ff70967c442]
	msedgedriver!(No symbol) [0x7ff70968be69]
	msedgedriver!GetHandleVerifier [0x7ff7098c9b25+acbd5]
	msedgedriver!GetHandleVerifier [0x7ff7098d0001+b30b1]
	msedgedriver!(No symbol) [0x7ff70977e4ef]
	msedgedriver!(No symbol) [0x7ff709778ec4]
	msedgedriver!(No symbol) [0x7ff709778fea]
	msedgedriver!(No symbol) [0x7ff70976a5a8]
	KERNEL32!BaseThreadInitThunk [0x7ffa4640cd87+17]
	ntdll!RtlUserThreadStart [0x7ffa46accaec+2c]

[22:37:50] Falha ao pesquisar/abrir o processo SEI-260006/001087/2026 após tentar formatos alternativos.
[22:37:50] Aviso: Falha ao abrir o processo SEI-260006/001087/2026 (não localizado ou restrito).
[22:37:51] Encerrando sessão do navegador...
[22:37:54] Formatando dados para exportação...
[22:37:54] Gravando arquivo MonitoramentoAtasFeitas.xlsx...
[22:37:54] Exportação concluída com sucesso em: C:\Users\Misha\Documents\Github\monitor_SEI\data\outputs\MonitoramentoAtasFeitas.xlsx
[22:37:54] >>> ROTINA CONCLUÍDA COM SUCESSO! <<<
[22:37:54] >>> Arquivo gerado em: C:\Users\Misha\Documents\Github\monitor_SEI\data\outputs\MonitoramentoAtasFeitas.xlsx
[22:53:34] Iniciando esteira para módulo: Monitoramento atas feitas
[22:53:34] Unidade de lotação selecionada: CINQA
[22:53:34] Carregando lista de processos alvos...
[22:53:34] 23 processo(s) localizado(s) para inspeção.
[22:53:34] Iniciando navegador web (Microsoft Edge / Selenium)...
[22:53:44] Verificando autenticação no SEI...
[22:53:44] Tentando login automático no SEI para o órgão 'UERJ'...
[22:53:44] Tela de login do SEI-RJ identificada. Preenchendo credenciais para órgão 'UERJ'...
[22:53:48] Login no SEI-RJ realizado com sucesso!
[22:53:50] Login automático concluído com sucesso!
[22:53:50] [DIAG] URL após login: https://sei.rj.gov.br/sei/controlador.php?acao=procedimento_controlar&acao_origem=principal&acao_retorno=principal&inicializando=1&infra_sistema=100000100&infra_unidade_atual=120007667&infra_hash=f1a819fee57281816f32be7de52608700e9d0902dcd463aad5aaa5e882eae89d
[22:53:50] [DIAG] Título da página: SEI-RJ - Controle de Processos
[22:53:50] [DIAG] Iframes encontrados (0): []
[22:53:50] [DIAG] txtPesquisaRapida visível: True | selInfraUnidades visível: False
[22:53:51] [DIAG] Screenshot salvo em: C:\Users\Misha\Documents\Github\monitor_SEI\data\outputs\debug_pos_login_225350.png
[22:53:51] Alternando contexto no SEI para a unidade 'CINQA'...
[22:53:51] Aviso: Combo de unidades não localizado. Unidade atual mantida.
[22:53:51] [1/23] Inspecionando processo: SEI-260006/017555/2026
[22:53:51] Processo SEI-260006/017555/2026 possui link direto na planilha. Acessando URL...
[22:53:53] Identificado modal de identificação de processo sigiloso (#divIdentificacao). Solicitando credencial...
[22:53:53]   → Usuário: 'brpersoncpf=05089752630'
[22:53:53]   → Senha: informada (preenchendo...)
[22:53:53]   → Screenshot salvo em: C:\Users\Misha\Documents\Github\monitor_SEI\data\outputs\debug_sigiloso_225353.png
[22:53:53] Senha preenchida no modal de identificação de processo sigiloso.
[22:53:55] Credencial de sigilo confirmada com sucesso.
[22:54:53] Aviso: Não foi possível abrir pelo link direto (Message: 
Stacktrace:
	msedgedriver!GetHandleVerifier [0x7ff709821bf5+4ca5]
	msedgedriver!(No symbol) [0x7ff709772774]
	msedgedriver!GetHandleVerifier [0x7ff709ba13cf+38447f]
	msedgedriver!(No symbol) [0x7ff70954fed8]
	msedgedriver!(No symbol) [0x7ff70955015a]
	msedgedriver!(No symbol) [0x7ff70958fd27]
	msedgedriver!(No symbol) [0x7ff70954615f]
	msedgedriver!(No symbol) [0x7ff70958d968]
	msedgedriver!(No symbol) [0x7ff70954599c]
	msedgedriver!(No symbol) [0x7ff709544c1d]
	msedgedriver!(No symbol) [0x7ff7095457c3]
	msedgedriver!(No symbol) [0x7ff70967c442]
	msedgedriver!(No symbol) [0x7ff70968be69]
	msedgedriver!GetHandleVerifier [0x7ff7098c9b25+acbd5]
	msedgedriver!GetHandleVerifier [0x7ff7098d0001+b30b1]
	msedgedriver!(No symbol) [0x7ff70977e4ef]
	msedgedriver!(No symbol) [0x7ff709778ec4]
	msedgedriver!(No symbol) [0x7ff709778fea]
	msedgedriver!(No symbol) [0x7ff70976a5a8]
	KERNEL32!BaseThreadInitThunk [0x7ffa4640cd87+17]
	ntdll!RtlUserThreadStart [0x7ffa46accaec+2c]
). Recorrendo ao campo de busca...
[22:54:53] Digitando processo SEI-260006/017555/2026 no campo de busca da janela...
[22:55:02] Identificado modal de identificação de processo sigiloso (#divIdentificacao). Solicitando credencial...
[22:55:02]   → Usuário: 'brpersoncpf=05089752630'
[22:55:02]   → Senha: informada (preenchendo...)
[22:55:02]   → Screenshot salvo em: C:\Users\Misha\Documents\Github\monitor_SEI\data\outputs\debug_sigiloso_225502.png
[22:55:03] Senha preenchida no modal de identificação de processo sigiloso.
[22:55:05] Credencial de sigilo confirmada com sucesso.
[22:56:03] Aviso na tentativa de busca por 'SEI-260006/017555/2026': Message: 
Stacktrace:
	msedgedriver!GetHandleVerifier [0x7ff709821bf5+4ca5]
	msedgedriver!(No symbol) [0x7ff709772774]
	msedgedriver!GetHandleVerifier [0x7ff709ba13cf+38447f]
	msedgedriver!(No symbol) [0x7ff70954fed8]
	msedgedriver!(No symbol) [0x7ff70955015a]
	msedgedriver!(No symbol) [0x7ff70958fd27]
	msedgedriver!(No symbol) [0x7ff70954615f]
	msedgedriver!(No symbol) [0x7ff70958d968]
	msedgedriver!(No symbol) [0x7ff70954599c]
	msedgedriver!(No symbol) [0x7ff709544c1d]
	msedgedriver!(No symbol) [0x7ff7095457c3]
	msedgedriver!(No symbol) [0x7ff70967c442]
	msedgedriver!(No symbol) [0x7ff70968be69]
	msedgedriver!GetHandleVerifier [0x7ff7098c9b25+acbd5]
	msedgedriver!GetHandleVerifier [0x7ff7098d0001+b30b1]
	msedgedriver!(No symbol) [0x7ff70977e4ef]
	msedgedriver!(No symbol) [0x7ff709778ec4]
	msedgedriver!(No symbol) [0x7ff709778fea]
	msedgedriver!(No symbol) [0x7ff70976a5a8]
	KERNEL32!BaseThreadInitThunk [0x7ffa4640cd87+17]
	ntdll!RtlUserThreadStart [0x7ffa46accaec+2c]

[22:56:11] Identificado modal de identificação de processo sigiloso (#divIdentificacao). Solicitando credencial...
[22:56:11]   → Usuário: 'brpersoncpf=05089752630'
[22:56:11]   → Senha: informada (preenchendo...)
[22:56:11]   → Screenshot salvo em: C:\Users\Misha\Documents\Github\monitor_SEI\data\outputs\debug_sigiloso_225611.png
[22:56:11] Senha preenchida no modal de identificação de processo sigiloso.
[22:56:14] Credencial de sigilo confirmada com sucesso.
[22:56:50] Iniciando esteira para módulo: Monitoramento atas feitas
[22:56:50] Unidade de lotação selecionada: CINQA
[22:56:50] Carregando lista de processos alvos...
[22:56:50] 23 processo(s) localizado(s) para inspeção.
[22:56:51] Iniciando navegador web (Microsoft Edge / Selenium)...
[22:56:59] Verificando autenticação no SEI...
[22:56:59] Tentando login automático no SEI para o órgão 'UERJ'...
[22:56:59] Tela de login do SEI-RJ identificada. Preenchendo credenciais para órgão 'UERJ'...
[22:57:04] Login no SEI-RJ realizado com sucesso!
[22:57:06] Login automático concluído com sucesso!
[22:57:06] [DIAG] URL após login: https://sei.rj.gov.br/sei/controlador.php?acao=procedimento_controlar&acao_origem=principal&acao_retorno=principal&inicializando=1&infra_sistema=100000100&infra_unidade_atual=120007667&infra_hash=8fdae5ebdaa169d99c73e52048002c794f89ece7fb4cfb1764947a307f2b6674
[22:57:06] [DIAG] Título da página: SEI-RJ - Controle de Processos
[22:57:06] [DIAG] Iframes encontrados (0): []
[22:57:06] [DIAG] txtPesquisaRapida visível: True | selInfraUnidades visível: False
[22:57:06] [DIAG] Screenshot salvo em: C:\Users\Misha\Documents\Github\monitor_SEI\data\outputs\debug_pos_login_225706.png
[22:57:06] Alternando contexto no SEI para a unidade 'CINQA'...
[22:57:06] Aviso: Combo de unidades não localizado. Unidade atual mantida.
[22:57:06] [1/23] Inspecionando processo: SEI-260006/017555/2026
[22:57:06] Processo SEI-260006/017555/2026 possui link direto na planilha. Acessando URL...
[22:57:09] Identificado modal de identificação de processo sigiloso (#divIdentificacao). Solicitando credencial...
[22:57:09]   → Usuário: 'brpersoncpf=05089752630'
[22:57:09]   → Senha: informada (preenchendo...)
[22:57:09]   → Screenshot salvo em: C:\Users\Misha\Documents\Github\monitor_SEI\data\outputs\debug_sigiloso_225709.png
[22:57:09] Senha preenchida no modal de identificação de processo sigiloso.
[22:57:11] Credencial de sigilo confirmada com sucesso.
[22:58:10] Aviso: Não foi possível abrir pelo link direto (Message: 
Stacktrace:
	msedgedriver!GetHandleVerifier [0x7ff709821bf5+4ca5]
	msedgedriver!(No symbol) [0x7ff709772774]
	msedgedriver!GetHandleVerifier [0x7ff709ba13cf+38447f]
	msedgedriver!(No symbol) [0x7ff70954fed8]
	msedgedriver!(No symbol) [0x7ff70955015a]
	msedgedriver!(No symbol) [0x7ff70958fd27]
	msedgedriver!(No symbol) [0x7ff70954615f]
	msedgedriver!(No symbol) [0x7ff70958d968]
	msedgedriver!(No symbol) [0x7ff70954599c]
	msedgedriver!(No symbol) [0x7ff709544c1d]
	msedgedriver!(No symbol) [0x7ff7095457c3]
	msedgedriver!(No symbol) [0x7ff70967c442]
	msedgedriver!(No symbol) [0x7ff70968be69]
	msedgedriver!GetHandleVerifier [0x7ff7098c9b25+acbd5]
	msedgedriver!GetHandleVerifier [0x7ff7098d0001+b30b1]
	msedgedriver!(No symbol) [0x7ff70977e4ef]
	msedgedriver!(No symbol) [0x7ff709778ec4]
	msedgedriver!(No symbol) [0x7ff709778fea]
	msedgedriver!(No symbol) [0x7ff70976a5a8]
	KERNEL32!BaseThreadInitThunk [0x7ffa4640cd87+17]
	ntdll!RtlUserThreadStart [0x7ffa46accaec+2c]
). Recorrendo ao campo de busca...
[22:58:10] Digitando processo SEI-260006/017555/2026 no campo de busca da janela...
[22:58:20] Identificado modal de identificação de processo sigiloso (#divIdentificacao). Solicitando credencial...
[22:58:20]   → Usuário: 'brpersoncpf=05089752630'
[22:58:20]   → Senha: informada (preenchendo...)
[22:58:20]   → Screenshot salvo em: C:\Users\Misha\Documents\Github\monitor_SEI\data\outputs\debug_sigiloso_225820.png
[22:58:20] Senha preenchida no modal de identificação de processo sigiloso.
[22:58:23] Credencial de sigilo confirmada com sucesso.
[22:58:30] Aviso durante desbloqueio de processo sigiloso: Message: invalid session id: session deleted as the browser has closed the connection
from disconnected: Unable to receive message from renderer
  (Session info: MicrosoftEdge=153.0.4234.48); For documentation on this error, please visit: https://www.selenium.dev/documentation/webdriver/troubleshooting/errors#invalidsessionidexception
Stacktrace:
	msedgedriver!GetHandleVerifier [0x7ff709821bf5+4ca5]
	msedgedriver!(No symbol) [0x7ff709772774]
	msedgedriver!GetHandleVerifier [0x7ff709ba13cf+38447f]
	msedgedriver!(No symbol) [0x7ff7094f727f]
	msedgedriver!(No symbol) [0x7ff7094f518a]
	msedgedriver!(No symbol) [0x7ff7094f59cf]
	msedgedriver!(No symbol) [0x7ff709504b0b]
	msedgedriver!(No symbol) [0x7ff7094e6dd1]
	msedgedriver!(No symbol) [0x7ff70957ee19]
	msedgedriver!(No symbol) [0x7ff70954599c]
	msedgedriver!(No symbol) [0x7ff709544c1d]
	msedgedriver!(No symbol) [0x7ff7095457c3]
	msedgedriver!(No symbol) [0x7ff70967c442]
	msedgedriver!(No symbol) [0x7ff70968be69]
	msedgedriver!GetHandleVerifier [0x7ff7098c9b25+acbd5]
	msedgedriver!GetHandleVerifier [0x7ff7098d0001+b30b1]
	msedgedriver!(No symbol) [0x7ff70977e4ef]
	msedgedriver!(No symbol) [0x7ff709778ec4]
	msedgedriver!(No symbol) [0x7ff709778fea]
	msedgedriver!(No symbol) [0x7ff70976a5a8]
	KERNEL32!BaseThreadInitThunk [0x7ffa4640cd87+17]
	ntdll!RtlUserThreadStart [0x7ffa46accaec+2c]

[22:58:30] Sessão do navegador perdida ao processar SEI-260006/017555/2026: Message: invalid session id; For documentation on this error, please visit: https://www.selenium.dev/documentation/webdriver/troubleshooting/errors#invalidsessionidexception
Stacktrace:
	msedgedriver!GetHandleVerifier [0x7ff709821bf5+4ca5]
	msedgedriver!(No symbol) [0x7ff709772774]
	msedgedriver!(No symbol) [0x7ff709504513]
	msedgedriver!(No symbol) [0x7ff7095443d5]
	msedgedriver!(No symbol) [0x7ff709570a52]
	msedgedriver!(No symbol) [0x7ff7094fbfd9]
	msedgedriver!(No symbol) [0x7ff70956d153]
	msedgedriver!(No symbol) [0x7ff70956c9c2]
	msedgedriver!(No symbol) [0x7ff7094dc23b]
	msedgedriver!(No symbol) [0x7ff7094dc832]
	msedgedriver!(No symbol) [0x7ff7094dcd25]
	msedgedriver!(No symbol) [0x7ff70967c442]
	msedgedriver!(No symbol) [0x7ff70968be69]
	msedgedriver!GetHandleVerifier [0x7ff7098c9b25+acbd5]
	msedgedriver!GetHandleVerifier [0x7ff7098d0001+b30b1]
	msedgedriver!(No symbol) [0x7ff70977e4ef]
	msedgedriver!(No symbol) [0x7ff7094dbefe]
	msedgedriver!GetHandleVerifier [0x7ff7099a7968+18aa18]
	KERNEL32!BaseThreadInitThunk [0x7ffa4640cd87+17]
	ntdll!RtlUserThreadStart [0x7ffa46accaec+2c]

[22:58:32] Tentando reiniciar o navegador para continuar a execução...
[22:58:40] Tentando login automático no SEI para o órgão 'UERJ'...
[22:58:40] Tela de login do SEI-RJ identificada. Preenchendo credenciais para órgão 'UERJ'...
[22:58:44] Login no SEI-RJ realizado com sucesso!
[22:58:46] Login automático concluído com sucesso!
[22:58:47] Aviso: Combo de unidades não localizado. Unidade atual mantida.
[22:58:47] Navegador reiniciado. Retomando a partir do processo 2/23.
[22:58:47] [2/23] Inspecionando processo: SEI-260006/001087/2026
[22:58:47] Digitando processo SEI-260006/001087/2026 no campo de busca da janela...
[22:58:55] Identificado modal de identificação de processo sigiloso (#divIdentificacao). Solicitando credencial...
[22:58:55]   → Usuário: 'brpersoncpf=05089752630'
[22:58:55]   → Senha: informada (preenchendo...)
[22:58:55]   → Screenshot salvo em: C:\Users\Misha\Documents\Github\monitor_SEI\data\outputs\debug_sigiloso_225855.png
[22:58:55] Senha preenchida no modal de identificação de processo sigiloso.
[22:58:58] Credencial de sigilo confirmada com sucesso.
[22:59:56] Aviso na tentativa de busca por 'SEI-260006/001087/2026': Message: 
Stacktrace:
	msedgedriver!GetHandleVerifier [0x7ff709821bf5+4ca5]
	msedgedriver!(No symbol) [0x7ff709772774]
	msedgedriver!GetHandleVerifier [0x7ff709ba13cf+38447f]
	msedgedriver!(No symbol) [0x7ff70954fed8]
	msedgedriver!(No symbol) [0x7ff70955015a]
	msedgedriver!(No symbol) [0x7ff70958fd27]
	msedgedriver!(No symbol) [0x7ff70954615f]
	msedgedriver!(No symbol) [0x7ff70958d968]
	msedgedriver!(No symbol) [0x7ff70954599c]
	msedgedriver!(No symbol) [0x7ff709544c1d]
	msedgedriver!(No symbol) [0x7ff7095457c3]
	msedgedriver!(No symbol) [0x7ff70967c442]
	msedgedriver!(No symbol) [0x7ff70968be69]
	msedgedriver!GetHandleVerifier [0x7ff7098c9b25+acbd5]
	msedgedriver!GetHandleVerifier [0x7ff7098d0001+b30b1]
	msedgedriver!(No symbol) [0x7ff70977e4ef]
	msedgedriver!(No symbol) [0x7ff709778ec4]
	msedgedriver!(No symbol) [0x7ff709778fea]
	msedgedriver!(No symbol) [0x7ff70976a5a8]
	KERNEL32!BaseThreadInitThunk [0x7ffa4640cd87+17]
	ntdll!RtlUserThreadStart [0x7ffa46accaec+2c]

[23:00:04] Identificado modal de identificação de processo sigiloso (#divIdentificacao). Solicitando credencial...
[23:00:04]   → Usuário: 'brpersoncpf=05089752630'
[23:00:04]   → Senha: informada (preenchendo...)
[23:00:04]   → Screenshot salvo em: C:\Users\Misha\Documents\Github\monitor_SEI\data\outputs\debug_sigiloso_230004.png
[23:00:05] Senha preenchida no modal de identificação de processo sigiloso.
[23:00:07] Credencial de sigilo confirmada com sucesso.
[23:00:14] Sessão do navegador perdida ao processar SEI-260006/001087/2026: Message: invalid session id: session deleted as the browser has closed the connection
from disconnected: Unable to receive message from renderer
  (Session info: MicrosoftEdge=153.0.4234.48); For documentation on this error, please visit: https://www.selenium.dev/documentation/webdriver/troubleshooting/errors#invalidsessionidexception
Stacktrace:
	msedgedriver!GetHandleVerifier [0x7ff709821bf5+4ca5]
	msedgedriver!(No symbol) [0x7ff709772774]
	msedgedriver!GetHandleVerifier [0x7ff709ba13cf+38447f]
	msedgedriver!(No symbol) [0x7ff7094f727f]
	msedgedriver!(No symbol) [0x7ff7094f7015]
	msedgedriver!(No symbol) [0x7ff7094f518a]
	msedgedriver!(No symbol) [0x7ff7094f59cf]
	msedgedriver!(No symbol) [0x7ff709500178]
	msedgedriver!(No symbol) [0x7ff70951135d]
	msedgedriver!(No symbol) [0x7ff70951735a]
	msedgedriver!(No symbol) [0x7ff7094f6370]
	msedgedriver!(No symbol) [0x7ff7094f6086]
	msedgedriver!(No symbol) [0x7ff709510dd2]
	msedgedriver!(No symbol) [0x7ff70958d8b1]
	msedgedriver!(No symbol) [0x7ff70954599c]
	msedgedriver!(No symbol) [0x7ff709544c1d]
	msedgedriver!(No symbol) [0x7ff7095457c3]
	msedgedriver!(No symbol) [0x7ff70967c442]
	msedgedriver!(No symbol) [0x7ff70968be69]
	msedgedriver!GetHandleVerifier [0x7ff7098c9b25+acbd5]
	msedgedriver!GetHandleVerifier [0x7ff7098d0001+b30b1]
	msedgedriver!(No symbol) [0x7ff70977e4ef]
	msedgedriver!(No symbol) [0x7ff709778ec4]
	msedgedriver!(No symbol) [0x7ff709778fea]
	msedgedriver!(No symbol) [0x7ff70976a5a8]
	KERNEL32!BaseThreadInitThunk [0x7ffa4640cd87+17]
	ntdll!RtlUserThreadStart [0x7ffa46accaec+2c]

[23:00:17] Tentando reiniciar o navegador para continuar a execução...
[23:05:19] Iniciando esteira para módulo: Monitoramento atas feitas
[23:05:19] Unidade de lotação selecionada: CINQA
[23:05:19] Carregando lista de processos alvos...
[23:05:19] 23 processo(s) localizado(s) para inspeção.
[23:05:19] Iniciando navegador web (Microsoft Edge / Selenium)...
[23:05:28] Verificando autenticação no SEI...
[23:05:28] Encerrando sessão do navegador...
[23:05:30] ERRO FATAL NA EXECUÇÃO: 'SeiNavigator' object has no attribute 'voltar_para_raiz'
[23:09:25] Iniciando esteira para módulo: Monitoramento atas feitas
[23:09:25] Unidade de lotação selecionada: CINQA
[23:09:25] Carregando lista de processos alvos...
[23:09:25] 23 processo(s) localizado(s) para inspeção.
[23:09:25] Iniciando navegador web (Microsoft Edge / Selenium)...
[23:09:44] Iniciando esteira para módulo: Monitoramento atas feitas
[23:09:44] Unidade de lotação selecionada: CINQA
[23:09:44] Carregando lista de processos alvos...
[23:09:45] 23 processo(s) localizado(s) para inspeção.
[23:09:45] Iniciando navegador web (Microsoft Edge / Selenium)...
[23:09:53] Verificando autenticação no SEI...
[23:09:53] Tentando login automático no SEI para o órgão 'UERJ'...
[23:09:53] Tela de login do SEI-RJ identificada. Preenchendo credenciais para órgão 'UERJ'...
[23:09:59] Login no SEI-RJ realizado com sucesso!
[23:10:01] Login automático concluído com sucesso!
[23:10:01] [DIAG] URL após login: https://sei.rj.gov.br/sei/controlador.php?acao=procedimento_controlar&acao_origem=principal&acao_retorno=principal&inicializando=1&infra_sistema=100000100&infra_unidade_atual=120007667&infra_hash=b167f65ceceb6375c8ab3411fc255c70dec49efb00ae2e4b8a10b02bc6d8e007
[23:10:01] [DIAG] Título da página: SEI-RJ - Controle de Processos
[23:10:01] [DIAG] Iframes encontrados (0): []
[23:10:01] [DIAG] txtPesquisaRapida visível: True | selInfraUnidades visível: False
[23:10:01] Alternando contexto no SEI para a unidade 'CINQA'...
[23:10:01] Aviso: Combo de unidades não localizado. Unidade atual mantida.
[23:10:01] [1/23] Inspecionando processo: SEI-260006/017555/2026
[23:10:01] Processo SEI-260006/017555/2026 possui link direto na planilha. Acessando URL...
[23:10:03] Identificado modal de identificação de processo sigiloso (#divIdentificacao). Solicitando credencial...
[23:10:03]   → Usuário: 'brpersoncpf=05089752630'
[23:10:03]   → Senha: informada (preenchendo...)
[23:10:03] Senha preenchida no modal de identificação de processo sigiloso.
[23:10:05] Credencial de sigilo confirmada com sucesso.
[23:10:13] Aviso durante desbloqueio de processo sigiloso: Message: invalid session id; For documentation on this error, please visit: https://www.selenium.dev/documentation/webdriver/troubleshooting/errors#invalidsessionidexception
Stacktrace:
	msedgedriver!GetHandleVerifier [0x7ff709821bf5+4ca5]
	msedgedriver!(No symbol) [0x7ff709772774]
	msedgedriver!(No symbol) [0x7ff709504513]
	msedgedriver!(No symbol) [0x7ff7095443d5]
	msedgedriver!(No symbol) [0x7ff709570a52]
	msedgedriver!(No symbol) [0x7ff7094fbfd9]
	msedgedriver!(No symbol) [0x7ff70956d153]
	msedgedriver!(No symbol) [0x7ff70956c9c2]
	msedgedriver!(No symbol) [0x7ff7094dc23b]
	msedgedriver!(No symbol) [0x7ff7094dc832]
	msedgedriver!(No symbol) [0x7ff7094dcd25]
	msedgedriver!(No symbol) [0x7ff70967c442]
	msedgedriver!(No symbol) [0x7ff70968be69]
	msedgedriver!GetHandleVerifier [0x7ff7098c9b25+acbd5]
	msedgedriver!GetHandleVerifier [0x7ff7098d0001+b30b1]
	msedgedriver!(No symbol) [0x7ff70977e4ef]
	msedgedriver!(No symbol) [0x7ff7094dbefe]
	msedgedriver!GetHandleVerifier [0x7ff7099a7968+18aa18]
	KERNEL32!BaseThreadInitThunk [0x7ffa4640cd87+17]
	ntdll!RtlUserThreadStart [0x7ffa46accaec+2c]

[23:10:13] Sessão do navegador perdida ao processar SEI-260006/017555/2026: Message: invalid session id; For documentation on this error, please visit: https://www.selenium.dev/documentation/webdriver/troubleshooting/errors#invalidsessionidexception
Stacktrace:
	msedgedriver!GetHandleVerifier [0x7ff709821bf5+4ca5]
	msedgedriver!(No symbol) [0x7ff709772774]
	msedgedriver!(No symbol) [0x7ff709504513]
	msedgedriver!(No symbol) [0x7ff7095443d5]
	msedgedriver!(No symbol) [0x7ff709570a52]
	msedgedriver!(No symbol) [0x7ff7094fbfd9]
	msedgedriver!(No symbol) [0x7ff70956d153]
	msedgedriver!(No symbol) [0x7ff70956c9c2]
	msedgedriver!(No symbol) [0x7ff7094dc23b]
	msedgedriver!(No symbol) [0x7ff7094dc832]
	msedgedriver!(No symbol) [0x7ff7094dcd25]
	msedgedriver!(No symbol) [0x7ff70967c442]
	msedgedriver!(No symbol) [0x7ff70968be69]
	msedgedriver!GetHandleVerifier [0x7ff7098c9b25+acbd5]
	msedgedriver!GetHandleVerifier [0x7ff7098d0001+b30b1]
	msedgedriver!(No symbol) [0x7ff70977e4ef]
	msedgedriver!(No symbol) [0x7ff7094dbefe]
	msedgedriver!GetHandleVerifier [0x7ff7099a7968+18aa18]
	KERNEL32!BaseThreadInitThunk [0x7ffa4640cd87+17]
	ntdll!RtlUserThreadStart [0x7ffa46accaec+2c]

[23:10:15] Tentando reiniciar o navegador para continuar a execução...
[23:10:22] Falha ao reiniciar o navegador: Message: no such window: target window already closed
from unknown error: web view not found
  (Session info: MicrosoftEdge=153.0.4234.48)
Stacktrace:
	msedgedriver!GetHandleVerifier [0x7ff709821bf5+4ca5]
	msedgedriver!(No symbol) [0x7ff709772774]
	msedgedriver!GetHandleVerifier [0x7ff709ba13cf+38447f]
	msedgedriver!(No symbol) [0x7ff7094e7312]
	msedgedriver!(No symbol) [0x7ff709575ab6]
	msedgedriver!(No symbol) [0x7ff70958d26f]
	msedgedriver!(No symbol) [0x7ff70954599c]
	msedgedriver!(No symbol) [0x7ff709544c1d]
	msedgedriver!(No symbol) [0x7ff7095457c3]
	msedgedriver!(No symbol) [0x7ff70967c442]
	msedgedriver!(No symbol) [0x7ff70968be69]
	msedgedriver!GetHandleVerifier [0x7ff7098c9b25+acbd5]
	msedgedriver!GetHandleVerifier [0x7ff7098d0001+b30b1]
	msedgedriver!(No symbol) [0x7ff70977e4ef]
	msedgedriver!(No symbol) [0x7ff709778ec4]
	msedgedriver!(No symbol) [0x7ff709778fea]
	msedgedriver!(No symbol) [0x7ff70976a5a8]
	KERNEL32!BaseThreadInitThunk [0x7ffa4640cd87+17]
	ntdll!RtlUserThreadStart [0x7ffa46accaec+2c]
. Encerrando execução.
[23:10:22] Encerrando sessão do navegador...
[23:10:24] Formatando dados para exportação...
[23:10:24] Gravando arquivo MonitoramentoAtasFeitas.xlsx...
[23:10:24] ERRO FATAL NA EXECUÇÃO: [Errno 13] Permission denied: 'C:\\Users\\Misha\\Documents\\Github\\monitor_SEI\\data\\outputs\\MonitoramentoAtasFeitas.xlsx'
[23:16:45] Iniciando esteira para módulo: Monitoramento atas feitas
[23:16:45] Unidade de lotação selecionada: CINQA
[23:16:45] Carregando lista de processos alvos...
[23:16:45] 23 processo(s) localizado(s) para inspeção.
[23:16:45] Iniciando navegador web (Microsoft Edge / Selenium)...
[23:16:53] Verificando autenticação no SEI...
[23:16:53] Tentando login automático no SEI para o órgão 'UERJ'...
[23:16:53] Tela de login do SEI-RJ identificada. Preenchendo credenciais para órgão 'UERJ'...
[23:16:58] Login no SEI-RJ realizado com sucesso!
[23:17:00] Login automático concluído com sucesso!
[23:17:00] [DIAG] URL após login: https://sei.rj.gov.br/sei/controlador.php?acao=procedimento_controlar&acao_origem=principal&acao_retorno=principal&inicializando=1&infra_sistema=100000100&infra_unidade_atual=120007667&infra_hash=063712b4eeea26025ca32eb8e380d41e286e5cf0c911e2e7217fef9643bbf932
[23:17:00] [DIAG] Título da página: SEI-RJ - Controle de Processos
[23:17:00] [DIAG] Iframes encontrados (0): []
[23:17:00] [DIAG] txtPesquisaRapida visível: True | selInfraUnidades visível: False
[23:17:00] Alternando contexto no SEI para a unidade 'CINQA'...
[23:17:00] Aviso: Combo de unidades não localizado. Unidade atual mantida.
[23:17:00] [1/23] Inspecionando processo: SEI-260006/017555/2026
[23:17:00] Processo SEI-260006/017555/2026 possui link direto na planilha. Acessando URL...
[23:17:02] Identificado modal de identificação de processo sigiloso (#divIdentificacao). Solicitando credencial...
[23:17:02]   → Usuário: 'brpersoncpf=05089752630'
[23:17:02]   → Senha: informada (preenchendo...)
[23:17:02] Senha preenchida no modal de identificação de processo sigiloso.
[23:17:05] Credencial de sigilo confirmada com sucesso.
[23:17:23] Aviso: Processo não carregou imediatamente pelo link direto. Recorrendo ao campo de busca...
[23:17:23] Digitando processo SEI-260006/017555/2026 no campo de busca da janela...
[23:17:35] Aviso na tentativa de busca por 'SEI-260006/017555/2026': Message: 
Stacktrace:
	msedgedriver!GetHandleVerifier [0x7ff709821bf5+4ca5]
	msedgedriver!(No symbol) [0x7ff709772774]
	msedgedriver!GetHandleVerifier [0x7ff709ba13cf+38447f]
	msedgedriver!(No symbol) [0x7ff70954fed8]
	msedgedriver!(No symbol) [0x7ff70955015a]
	msedgedriver!(No symbol) [0x7ff70958fd27]
	msedgedriver!(No symbol) [0x7ff70954615f]
	msedgedriver!(No symbol) [0x7ff70958d968]
	msedgedriver!(No symbol) [0x7ff70954599c]
	msedgedriver!(No symbol) [0x7ff709544c1d]
	msedgedriver!(No symbol) [0x7ff7095457c3]
	msedgedriver!(No symbol) [0x7ff70967c442]
	msedgedriver!(No symbol) [0x7ff70968be69]
	msedgedriver!GetHandleVerifier [0x7ff7098c9b25+acbd5]
	msedgedriver!GetHandleVerifier [0x7ff7098d0001+b30b1]
	msedgedriver!(No symbol) [0x7ff70977e4ef]
	msedgedriver!(No symbol) [0x7ff709778ec4]
	msedgedriver!(No symbol) [0x7ff709778fea]
	msedgedriver!(No symbol) [0x7ff70976a5a8]
	KERNEL32!BaseThreadInitThunk [0x7ffa4640cd87+17]
	ntdll!RtlUserThreadStart [0x7ffa46accaec+2c]

[23:17:47] Aviso na tentativa de busca por '260006/017555/2026': Message: 
Stacktrace:
	msedgedriver!GetHandleVerifier [0x7ff709821bf5+4ca5]
	msedgedriver!(No symbol) [0x7ff709772774]
	msedgedriver!GetHandleVerifier [0x7ff709ba13cf+38447f]
	msedgedriver!(No symbol) [0x7ff70954fed8]
	msedgedriver!(No symbol) [0x7ff70955015a]
	msedgedriver!(No symbol) [0x7ff70958fd27]
	msedgedriver!(No symbol) [0x7ff70954615f]
	msedgedriver!(No symbol) [0x7ff70958d968]
	msedgedriver!(No symbol) [0x7ff70954599c]
	msedgedriver!(No symbol) [0x7ff709544c1d]
	msedgedriver!(No symbol) [0x7ff7095457c3]
	msedgedriver!(No symbol) [0x7ff70967c442]
	msedgedriver!(No symbol) [0x7ff70968be69]
	msedgedriver!GetHandleVerifier [0x7ff7098c9b25+acbd5]
	msedgedriver!GetHandleVerifier [0x7ff7098d0001+b30b1]
	msedgedriver!(No symbol) [0x7ff70977e4ef]
	msedgedriver!(No symbol) [0x7ff709778ec4]
	msedgedriver!(No symbol) [0x7ff709778fea]
	msedgedriver!(No symbol) [0x7ff70976a5a8]
	KERNEL32!BaseThreadInitThunk [0x7ffa4640cd87+17]
	ntdll!RtlUserThreadStart [0x7ffa46accaec+2c]

[23:17:47] Falha ao pesquisar/abrir o processo SEI-260006/017555/2026 após tentar formatos alternativos.
[23:17:47] Aviso: Falha ao abrir o processo SEI-260006/017555/2026 (não localizado ou restrito).
[23:17:48] [2/23] Inspecionando processo: SEI-260006/001087/2026
[23:17:48] Digitando processo SEI-260006/001087/2026 no campo de busca da janela...
[23:18:00] Aviso na tentativa de busca por 'SEI-260006/001087/2026': Message: 
Stacktrace:
	msedgedriver!GetHandleVerifier [0x7ff709821bf5+4ca5]
	msedgedriver!(No symbol) [0x7ff709772774]
	msedgedriver!GetHandleVerifier [0x7ff709ba13cf+38447f]
	msedgedriver!(No symbol) [0x7ff70954fed8]
	msedgedriver!(No symbol) [0x7ff70955015a]
	msedgedriver!(No symbol) [0x7ff70958fd27]
	msedgedriver!(No symbol) [0x7ff70954615f]
	msedgedriver!(No symbol) [0x7ff70958d968]
	msedgedriver!(No symbol) [0x7ff70954599c]
	msedgedriver!(No symbol) [0x7ff709544c1d]
	msedgedriver!(No symbol) [0x7ff7095457c3]
	msedgedriver!(No symbol) [0x7ff70967c442]
	msedgedriver!(No symbol) [0x7ff70968be69]
	msedgedriver!GetHandleVerifier [0x7ff7098c9b25+acbd5]
	msedgedriver!GetHandleVerifier [0x7ff7098d0001+b30b1]
	msedgedriver!(No symbol) [0x7ff70977e4ef]
	msedgedriver!(No symbol) [0x7ff709778ec4]
	msedgedriver!(No symbol) [0x7ff709778fea]
	msedgedriver!(No symbol) [0x7ff70976a5a8]
	KERNEL32!BaseThreadInitThunk [0x7ffa4640cd87+17]
	ntdll!RtlUserThreadStart [0x7ffa46accaec+2c]

[23:18:12] Aviso na tentativa de busca por '260006/001087/2026': Message: 
Stacktrace:
	msedgedriver!GetHandleVerifier [0x7ff709821bf5+4ca5]
	msedgedriver!(No symbol) [0x7ff709772774]
	msedgedriver!GetHandleVerifier [0x7ff709ba13cf+38447f]
	msedgedriver!(No symbol) [0x7ff70954fed8]
	msedgedriver!(No symbol) [0x7ff70955015a]
	msedgedriver!(No symbol) [0x7ff70958fd27]
	msedgedriver!(No symbol) [0x7ff70954615f]
	msedgedriver!(No symbol) [0x7ff70958d968]
	msedgedriver!(No symbol) [0x7ff70954599c]
	msedgedriver!(No symbol) [0x7ff709544c1d]
	msedgedriver!(No symbol) [0x7ff7095457c3]
	msedgedriver!(No symbol) [0x7ff70967c442]
	msedgedriver!(No symbol) [0x7ff70968be69]
	msedgedriver!GetHandleVerifier [0x7ff7098c9b25+acbd5]
	msedgedriver!GetHandleVerifier [0x7ff7098d0001+b30b1]
	msedgedriver!(No symbol) [0x7ff70977e4ef]
	msedgedriver!(No symbol) [0x7ff709778ec4]
	msedgedriver!(No symbol) [0x7ff709778fea]
	msedgedriver!(No symbol) [0x7ff70976a5a8]
	KERNEL32!BaseThreadInitThunk [0x7ffa4640cd87+17]
	ntdll!RtlUserThreadStart [0x7ffa46accaec+2c]

[23:18:12] Falha ao pesquisar/abrir o processo SEI-260006/001087/2026 após tentar formatos alternativos.
[23:18:12] Aviso: Falha ao abrir o processo SEI-260006/001087/2026 (não localizado ou restrito).
[23:18:13] [3/23] Inspecionando processo: SEI-260006/054138/2025
[23:18:13] Digitando processo SEI-260006/054138/2025 no campo de busca da janela...
[23:18:26] Aviso na tentativa de busca por 'SEI-260006/054138/2025': Message: 
Stacktrace:
	msedgedriver!GetHandleVerifier [0x7ff709821bf5+4ca5]
	msedgedriver!(No symbol) [0x7ff709772774]
	msedgedriver!GetHandleVerifier [0x7ff709ba13cf+38447f]
	msedgedriver!(No symbol) [0x7ff70954fed8]
	msedgedriver!(No symbol) [0x7ff70955015a]
	msedgedriver!(No symbol) [0x7ff70958fd27]
	msedgedriver!(No symbol) [0x7ff70954615f]
	msedgedriver!(No symbol) [0x7ff70958d968]
	msedgedriver!(No symbol) [0x7ff70954599c]
	msedgedriver!(No symbol) [0x7ff709544c1d]
	msedgedriver!(No symbol) [0x7ff7095457c3]
	msedgedriver!(No symbol) [0x7ff70967c442]
	msedgedriver!(No symbol) [0x7ff70968be69]
	msedgedriver!GetHandleVerifier [0x7ff7098c9b25+acbd5]
	msedgedriver!GetHandleVerifier [0x7ff7098d0001+b30b1]
	msedgedriver!(No symbol) [0x7ff70977e4ef]
	msedgedriver!(No symbol) [0x7ff709778ec4]
	msedgedriver!(No symbol) [0x7ff709778fea]
	msedgedriver!(No symbol) [0x7ff70976a5a8]
	KERNEL32!BaseThreadInitThunk [0x7ffa4640cd87+17]
	ntdll!RtlUserThreadStart [0x7ffa46accaec+2c]

[23:18:38] Aviso na tentativa de busca por '260006/054138/2025': Message: 
Stacktrace:
	msedgedriver!GetHandleVerifier [0x7ff709821bf5+4ca5]
	msedgedriver!(No symbol) [0x7ff709772774]
	msedgedriver!GetHandleVerifier [0x7ff709ba13cf+38447f]
	msedgedriver!(No symbol) [0x7ff70954fed8]
	msedgedriver!(No symbol) [0x7ff70955015a]
	msedgedriver!(No symbol) [0x7ff70958fd27]
	msedgedriver!(No symbol) [0x7ff70954615f]
	msedgedriver!(No symbol) [0x7ff70958d968]
	msedgedriver!(No symbol) [0x7ff70954599c]
	msedgedriver!(No symbol) [0x7ff709544c1d]
	msedgedriver!(No symbol) [0x7ff7095457c3]
	msedgedriver!(No symbol) [0x7ff70967c442]
	msedgedriver!(No symbol) [0x7ff70968be69]
	msedgedriver!GetHandleVerifier [0x7ff7098c9b25+acbd5]
	msedgedriver!GetHandleVerifier [0x7ff7098d0001+b30b1]
	msedgedriver!(No symbol) [0x7ff70977e4ef]
	msedgedriver!(No symbol) [0x7ff709778ec4]
	msedgedriver!(No symbol) [0x7ff709778fea]
	msedgedriver!(No symbol) [0x7ff70976a5a8]
	KERNEL32!BaseThreadInitThunk [0x7ffa4640cd87+17]
	ntdll!RtlUserThreadStart [0x7ffa46accaec+2c]

[23:18:38] Falha ao pesquisar/abrir o processo SEI-260006/054138/2025 após tentar formatos alternativos.
[23:18:38] Aviso: Falha ao abrir o processo SEI-260006/054138/2025 (não localizado ou restrito).
[23:18:39] [4/23] Inspecionando processo: SEI-260006/006535/2026
[23:18:39] Digitando processo SEI-260006/006535/2026 no campo de busca da janela...
[23:18:51] Aviso na tentativa de busca por 'SEI-260006/006535/2026': Message: 
Stacktrace:
	msedgedriver!GetHandleVerifier [0x7ff709821bf5+4ca5]
	msedgedriver!(No symbol) [0x7ff709772774]
	msedgedriver!GetHandleVerifier [0x7ff709ba13cf+38447f]
	msedgedriver!(No symbol) [0x7ff70954fed8]
	msedgedriver!(No symbol) [0x7ff70955015a]
	msedgedriver!(No symbol) [0x7ff70958fd27]
	msedgedriver!(No symbol) [0x7ff70954615f]
	msedgedriver!(No symbol) [0x7ff70958d968]
	msedgedriver!(No symbol) [0x7ff70954599c]
	msedgedriver!(No symbol) [0x7ff709544c1d]
	msedgedriver!(No symbol) [0x7ff7095457c3]
	msedgedriver!(No symbol) [0x7ff70967c442]
	msedgedriver!(No symbol) [0x7ff70968be69]
	msedgedriver!GetHandleVerifier [0x7ff7098c9b25+acbd5]
	msedgedriver!GetHandleVerifier [0x7ff7098d0001+b30b1]
	msedgedriver!(No symbol) [0x7ff70977e4ef]
	msedgedriver!(No symbol) [0x7ff709778ec4]
	msedgedriver!(No symbol) [0x7ff709778fea]
	msedgedriver!(No symbol) [0x7ff70976a5a8]
	KERNEL32!BaseThreadInitThunk [0x7ffa4640cd87+17]
	ntdll!RtlUserThreadStart [0x7ffa46accaec+2c]

[23:20:55] Iniciando esteira para módulo: Monitoramento atas feitas
[23:20:55] Unidade de lotação selecionada: CINQA
[23:20:55] Carregando lista de processos alvos...
[23:20:56] 23 processo(s) localizado(s) para inspeção.
[23:20:56] Iniciando navegador web (Microsoft Edge / Selenium)...
[23:21:07] Verificando autenticação no SEI...
[23:21:07] Tentando login automático no SEI para o órgão 'UERJ'...
[23:21:08] Tela de login do SEI-RJ identificada. Preenchendo credenciais para órgão 'UERJ'...
[23:21:13] Login no SEI-RJ realizado com sucesso!
[23:21:15] Login automático concluído com sucesso!
[23:21:15] [DIAG] URL após login: https://sei.rj.gov.br/sei/controlador.php?acao=procedimento_controlar&acao_origem=principal&acao_retorno=principal&inicializando=1&infra_sistema=100000100&infra_unidade_atual=120007667&infra_hash=3083e01f47624eafded2024777522b90d1ff205672c467ebfd92de3d675d1483
[23:21:15] [DIAG] Título da página: SEI-RJ - Controle de Processos
[23:21:15] [DIAG] Iframes encontrados (0): []
[23:21:15] [DIAG] txtPesquisaRapida visível: True | selInfraUnidades visível: False
[23:21:15] Alternando contexto no SEI para a unidade 'CINQA'...
[23:21:15] Aviso: Combo de unidades não localizado. Unidade atual mantida.
[23:21:15] [1/23] Inspecionando processo: SEI-260006/017555/2026
[23:21:15] Processo SEI-260006/017555/2026 possui link direto na planilha. Acessando URL...
[23:21:18] Identificado modal de identificação de processo sigiloso (#divIdentificacao). Solicitando credencial...
[23:21:18]   → Usuário: 'brpersoncpf=05089752630'
[23:21:18]   → Senha: informada (preenchendo...)
[23:21:18] Senha preenchida no modal de identificação de processo sigiloso.
[23:21:20] Credencial de sigilo confirmada com sucesso.
[23:21:23] Processo SEI-260006/017555/2026 aberto com sucesso pelo link direto!
[23:21:24] Aguardando 7.2s antes do próximo processo...
[23:21:32] [2/23] Inspecionando processo: SEI-260006/001087/2026
[23:21:32] Digitando processo SEI-260006/001087/2026 no campo de busca da janela...
[23:21:40] Identificado modal de identificação de processo sigiloso (#divIdentificacao). Solicitando credencial...
[23:21:40]   → Usuário: 'brpersoncpf=05089752630'
[23:21:40]   → Senha: informada (preenchendo...)
[23:21:41] Senha preenchida no modal de identificação de processo sigiloso.
[23:21:43] Credencial de sigilo confirmada com sucesso.
[23:21:46] Processo SEI-260006/001087/2026 aberto com sucesso!
[23:21:48] Aguardando 5.9s antes do próximo processo...
[23:21:54] [3/23] Inspecionando processo: SEI-260006/054138/2025
[23:21:54] Digitando processo SEI-260006/054138/2025 no campo de busca da janela...
[23:21:54] Aviso na tentativa de busca por 'SEI-260006/054138/2025': Alert Text: TypeError: Cannot read properties of null (reading 'id')
Message: unexpected alert open: {Alert text : TypeError: Cannot read properties of null (reading 'id')}
  (Session info: MicrosoftEdge=153.0.4234.48)
Stacktrace:
	msedgedriver!GetHandleVerifier [0x7ff709821bf5+4ca5]
	msedgedriver!(No symbol) [0x7ff709772774]
	msedgedriver!GetHandleVerifier [0x7ff709ba13cf+38447f]
	msedgedriver!(No symbol) [0x7ff70958de31]
	msedgedriver!(No symbol) [0x7ff70954599c]
	msedgedriver!(No symbol) [0x7ff709544c1d]
	msedgedriver!(No symbol) [0x7ff7095457c3]
	msedgedriver!(No symbol) [0x7ff70967c442]
	msedgedriver!(No symbol) [0x7ff70968be69]
	msedgedriver!GetHandleVerifier [0x7ff7098c9b25+acbd5]
	msedgedriver!GetHandleVerifier [0x7ff7098d0001+b30b1]
	msedgedriver!(No symbol) [0x7ff70977e4ef]
	msedgedriver!(No symbol) [0x7ff709778ec4]
	msedgedriver!(No symbol) [0x7ff709778fea]
	msedgedriver!(No symbol) [0x7ff70976a5a8]
	KERNEL32!BaseThreadInitThunk [0x7ffa4640cd87+17]
	ntdll!RtlUserThreadStart [0x7ffa46accaec+2c]

[23:22:02] Identificado modal de identificação de processo sigiloso (#divIdentificacao). Solicitando credencial...
[23:22:02]   → Usuário: 'brpersoncpf=05089752630'
[23:22:02]   → Senha: informada (preenchendo...)
[23:22:02] Senha preenchida no modal de identificação de processo sigiloso.
[23:22:05] Credencial de sigilo confirmada com sucesso.
[23:22:07] Processo SEI-260006/054138/2025 aberto com sucesso!
[23:22:09] Aguardando 8.2s antes do próximo processo...
[23:22:18] [4/23] Inspecionando processo: SEI-260006/006535/2026
[23:22:18] Digitando processo SEI-260006/006535/2026 no campo de busca da janela...
[23:22:27] Identificado modal de identificação de processo sigiloso (#divIdentificacao). Solicitando credencial...
[23:22:27]   → Usuário: 'brpersoncpf=05089752630'
[23:22:27]   → Senha: informada (preenchendo...)
[23:22:27] Senha preenchida no modal de identificação de processo sigiloso.
[23:22:30] Credencial de sigilo confirmada com sucesso.
[23:22:32] Processo SEI-260006/006535/2026 aberto com sucesso!
[23:22:38] Não foi possível listar elementos da árvore: Alert Text: TypeError: Cannot read properties of null (reading 'id')
Message: unexpected alert open: {Alert text : TypeError: Cannot read properties of null (reading 'id')}
  (Session info: MicrosoftEdge=153.0.4234.48)
Stacktrace:
	msedgedriver!GetHandleVerifier [0x7ff709821bf5+4ca5]
	msedgedriver!(No symbol) [0x7ff709772774]
	msedgedriver!GetHandleVerifier [0x7ff709ba13cf+38447f]
	msedgedriver!(No symbol) [0x7ff70958de31]
	msedgedriver!(No symbol) [0x7ff70954599c]
	msedgedriver!(No symbol) [0x7ff709544c1d]
	msedgedriver!(No symbol) [0x7ff7095457c3]
	msedgedriver!(No symbol) [0x7ff70967c442]
	msedgedriver!(No symbol) [0x7ff70968be69]
	msedgedriver!GetHandleVerifier [0x7ff7098c9b25+acbd5]
	msedgedriver!GetHandleVerifier [0x7ff7098d0001+b30b1]
	msedgedriver!(No symbol) [0x7ff70977e4ef]
	msedgedriver!(No symbol) [0x7ff709778ec4]
	msedgedriver!(No symbol) [0x7ff709778fea]
	msedgedriver!(No symbol) [0x7ff70976a5a8]
	KERNEL32!BaseThreadInitThunk [0x7ffa4640cd87+17]
	ntdll!RtlUserThreadStart [0x7ffa46accaec+2c]

[23:22:38] Aguardando 5.8s antes do próximo processo...
[23:22:44] [5/23] Inspecionando processo: SEI-260006/017550/2026
[23:22:44] Digitando processo SEI-260006/017550/2026 no campo de busca da janela...
[23:22:55] Identificado modal de identificação de processo sigiloso (#divIdentificacao). Solicitando credencial...
[23:22:55]   → Usuário: 'brpersoncpf=05089752630'
[23:22:55]   → Senha: informada (preenchendo...)
[23:22:55] Senha preenchida no modal de identificação de processo sigiloso.
[23:22:58] Credencial de sigilo confirmada com sucesso.
[23:23:01] Processo SEI-260006/017550/2026 aberto com sucesso!
[23:23:03] Aguardando 5.5s antes do próximo processo...
[23:23:08] [6/23] Inspecionando processo: SEI-260006/004904/2026
[23:23:08] Digitando processo SEI-260006/004904/2026 no campo de busca da janela...
[23:23:18] Identificado modal de identificação de processo sigiloso (#divIdentificacao). Solicitando credencial...
[23:23:18]   → Usuário: 'brpersoncpf=05089752630'
[23:23:18]   → Senha: informada (preenchendo...)
[23:23:18] Senha preenchida no modal de identificação de processo sigiloso.
[23:23:21] Credencial de sigilo confirmada com sucesso.
[23:23:24] Processo SEI-260006/004904/2026 aberto com sucesso!
[23:23:31] Aguardando 6.9s antes do próximo processo...
[23:23:37] [7/23] Inspecionando processo: SEI-260006/049393/2025
[23:23:37] Digitando processo SEI-260006/049393/2025 no campo de busca da janela...
[23:23:49] Identificado modal de identificação de processo sigiloso (#divIdentificacao). Solicitando credencial...
[23:23:49]   → Usuário: 'brpersoncpf=05089752630'
[23:23:49]   → Senha: informada (preenchendo...)
[23:23:50] Senha preenchida no modal de identificação de processo sigiloso.
[23:23:52] Credencial de sigilo confirmada com sucesso.
[23:23:56] Processo SEI-260006/049393/2025 aberto com sucesso!
[23:24:04] Aguardando 5.7s antes do próximo processo...
[23:24:09] [8/23] Inspecionando processo: SEI-260006/031398/2024
[23:24:09] Digitando processo SEI-260006/031398/2024 no campo de busca da janela...
[23:24:22] Identificado modal de identificação de processo sigiloso (#divIdentificacao). Solicitando credencial...
[23:24:22]   → Usuário: 'brpersoncpf=05089752630'
[23:24:22]   → Senha: informada (preenchendo...)
[23:24:22] Senha preenchida no modal de identificação de processo sigiloso.
[23:24:25] Credencial de sigilo confirmada com sucesso.
[23:24:30] Processo SEI-260006/031398/2024 aberto com sucesso!
[23:24:40] Aguardando 8.3s antes do próximo processo...
[23:24:48] [9/23] Inspecionando processo: SEI-260006/021953/2026
[23:24:48] Digitando processo SEI-260006/021953/2026 no campo de busca da janela...
[23:24:48] Aviso na tentativa de busca por 'SEI-260006/021953/2026': Alert Text: TypeError: Cannot read properties of null (reading 'id')
Message: unexpected alert open: {Alert text : TypeError: Cannot read properties of null (reading 'id')}
  (Session info: MicrosoftEdge=153.0.4234.48)
Stacktrace:
	msedgedriver!GetHandleVerifier [0x7ff709821bf5+4ca5]
	msedgedriver!(No symbol) [0x7ff709772774]
	msedgedriver!GetHandleVerifier [0x7ff709ba13cf+38447f]
	msedgedriver!(No symbol) [0x7ff70958de31]
	msedgedriver!(No symbol) [0x7ff70954599c]
	msedgedriver!(No symbol) [0x7ff709544c1d]
	msedgedriver!(No symbol) [0x7ff7095457c3]
	msedgedriver!(No symbol) [0x7ff70967c442]
	msedgedriver!(No symbol) [0x7ff70968be69]
	msedgedriver!GetHandleVerifier [0x7ff7098c9b25+acbd5]
	msedgedriver!GetHandleVerifier [0x7ff7098d0001+b30b1]
	msedgedriver!(No symbol) [0x7ff70977e4ef]
	msedgedriver!(No symbol) [0x7ff709778ec4]
	msedgedriver!(No symbol) [0x7ff709778fea]
	msedgedriver!(No symbol) [0x7ff70976a5a8]
	KERNEL32!BaseThreadInitThunk [0x7ffa4640cd87+17]
	ntdll!RtlUserThreadStart [0x7ffa46accaec+2c]

[23:25:00] Identificado modal de identificação de processo sigiloso (#divIdentificacao). Solicitando credencial...
[23:25:00]   → Usuário: 'brpersoncpf=05089752630'
[23:25:00]   → Senha: informada (preenchendo...)
[23:25:00] Senha preenchida no modal de identificação de processo sigiloso.
[23:25:03] Credencial de sigilo confirmada com sucesso.
[23:25:06] Processo SEI-260006/021953/2026 aberto com sucesso!
[23:25:10] Aguardando 6.2s antes do próximo processo...
[23:25:16] [10/23] Inspecionando processo: SEI-260006/020608/2024
[23:25:16] Digitando processo SEI-260006/020608/2024 no campo de busca da janela...
[23:25:28] Identificado modal de identificação de processo sigiloso (#divIdentificacao). Solicitando credencial...
[23:25:28]   → Usuário: 'brpersoncpf=05089752630'
[23:25:28]   → Senha: informada (preenchendo...)
[23:25:29] Senha preenchida no modal de identificação de processo sigiloso.
[23:25:31] Credencial de sigilo confirmada com sucesso.
[23:25:35] Processo SEI-260006/020608/2024 aberto com sucesso!
[23:31:56] Iniciando esteira para módulo: Monitoramento atas feitas
[23:31:56] Unidade de lotação selecionada: CINQA
[23:31:56] Carregando lista de processos alvos...
[23:31:56] 2 processo(s) localizado(s) para inspeção.
[23:31:56] Iniciando navegador web (Microsoft Edge / Selenium)...
[23:32:06] Verificando autenticação no SEI...
[23:32:06] Tentando login automático no SEI para o órgão 'UERJ'...
[23:32:06] Tela de login do SEI-RJ identificada. Preenchendo credenciais para órgão 'UERJ'...
[23:32:11] Login no SEI-RJ realizado com sucesso!
[23:32:13] Login automático concluído com sucesso!
[23:32:13] [DIAG] URL após login: https://sei.rj.gov.br/sei/controlador.php?acao=procedimento_controlar&acao_origem=principal&acao_retorno=principal&inicializando=1&infra_sistema=100000100&infra_unidade_atual=120007667&infra_hash=3a8a393305b5c4aef88179e8dd1a150737f893b7a2e414795f1d712cbe6e93cc
[23:32:13] [DIAG] Título da página: SEI-RJ - Controle de Processos
[23:32:13] [DIAG] Iframes encontrados (0): []
[23:32:13] [DIAG] txtPesquisaRapida visível: True | selInfraUnidades visível: False
[23:32:13] Alternando contexto no SEI para a unidade 'CINQA'...
[23:32:13] Aviso: Combo de unidades não localizado. Unidade atual mantida.
[23:32:13] [1/2] Inspecionando processo: SEI-260006/017555/2026
[23:32:13] Processo SEI-260006/017555/2026 possui link direto na planilha. Acessando URL...
[23:32:15] Identificado modal de identificação de processo sigiloso (#divIdentificacao). Solicitando credencial...
[23:32:15]   → Usuário: 'brpersoncpf=05089752630'
[23:32:15]   → Senha: informada (preenchendo...)
[23:32:15] Senha preenchida no modal de identificação de processo sigiloso.
[23:32:18] Credencial de sigilo confirmada com sucesso.
[23:32:20] Processo SEI-260006/017555/2026 aberto com sucesso pelo link direto!
[23:32:20] Inspecionando documentos e atas do processo SEI-260006/017555/2026...
[23:32:21]   → 0 nova(s) ata(s) identificada(s) para o processo SEI-260006/017555/2026.
[23:32:21] Aguardando 5.4s antes do próximo processo...
[23:32:27] [2/2] Inspecionando processo: SEI-260006/001087/2026
[23:32:27] Digitando processo SEI-260006/001087/2026 no campo de busca da janela...
[23:32:35] Identificado modal de identificação de processo sigiloso (#divIdentificacao). Solicitando credencial...
[23:32:35]   → Usuário: 'brpersoncpf=05089752630'
[23:32:35]   → Senha: informada (preenchendo...)
[23:32:35] Senha preenchida no modal de identificação de processo sigiloso.
[23:32:38] Credencial de sigilo confirmada com sucesso.
[23:32:40] Processo SEI-260006/001087/2026 aberto com sucesso!
[23:32:40] Inspecionando documentos e atas do processo SEI-260006/001087/2026...
[23:32:44] Botão 'Abrir todas as Pastas' acionado. Aguardando 3s para expansão dos documentos...
[23:32:59]   → 3 nova(s) ata(s) identificada(s) para o processo SEI-260006/001087/2026.
[23:32:59] Aguardando 6.4s antes do próximo processo...
[23:33:05] Encerrando sessão do navegador...
[23:33:08] Formatando dados para exportação...
[23:33:08] Gravando arquivo MonitoramentoAtasFeitas.xlsx...
[23:33:08] Exportação concluída com sucesso em: C:\Users\Misha\Documents\Github\monitor_SEI\data\outputs\MonitoramentoAtasFeitas.xlsx
[23:33:08] >>> ROTINA CONCLUÍDA COM SUCESSO! <<<
[23:33:08] >>> Arquivo gerado em: C:\Users\Misha\Documents\Github\monitor_SEI\data\outputs\MonitoramentoAtasFeitas.xlsx
[23:36:33] Iniciando esteira para módulo: Monitoramento atas feitas
[23:36:33] Unidade de lotação selecionada: CINQA
[23:36:33] Carregando lista de processos alvos...
[23:36:33] 2 processo(s) localizado(s) para inspeção.
[23:36:33] Iniciando navegador web (Microsoft Edge / Selenium)...
[23:36:41] Verificando autenticação no SEI...
[23:36:41] Tentando login automático no SEI para o órgão 'UERJ'...
[23:36:41] Tela de login do SEI-RJ identificada. Preenchendo credenciais para órgão 'UERJ'...
[23:36:47] Login no SEI-RJ realizado com sucesso!
[23:36:49] Login automático concluído com sucesso!
[23:36:49] [DIAG] URL após login: https://sei.rj.gov.br/sei/controlador.php?acao=procedimento_controlar&acao_origem=principal&acao_retorno=principal&inicializando=1&infra_sistema=100000100&infra_unidade_atual=120007667&infra_hash=0f947bbb253e77c067fca6fc2706b4a67de491b593d8058706e5824984d113e6
[23:36:49] [DIAG] Título da página: SEI-RJ - Controle de Processos
[23:36:49] [DIAG] Iframes encontrados (0): []
[23:36:49] [DIAG] txtPesquisaRapida visível: True | selInfraUnidades visível: False
[23:36:49] Alternando contexto no SEI para a unidade 'CINQA'...
[23:36:49] Aviso: Combo de unidades não localizado. Unidade atual mantida.
[23:36:49] [1/2] Inspecionando processo: SEI-260006/017555/2026
[23:36:49] Processo SEI-260006/017555/2026 possui link direto na planilha. Acessando URL...
[23:36:51] Identificado modal de identificação de processo sigiloso (#divIdentificacao). Solicitando credencial...
[23:36:51]   → Usuário: 'brpersoncpf=05089752630'
[23:36:51]   → Senha: informada (preenchendo...)
[23:36:51] Senha preenchida no modal de identificação de processo sigiloso.
[23:36:54] Credencial de sigilo confirmada com sucesso.
[23:36:56] Processo SEI-260006/017555/2026 aberto com sucesso pelo link direto!
[23:36:56] Inspecionando documentos e atas do processo SEI-260006/017555/2026...
[23:36:57]   → 0 nova(s) ata(s) identificada(s) para o processo SEI-260006/017555/2026.
[23:36:57] Aguardando 5.1s antes do próximo processo...
[23:37:02] [2/2] Inspecionando processo: SEI-260006/001087/2026
[23:37:02] Digitando processo SEI-260006/001087/2026 no campo de busca da janela...
[23:37:11] Identificado modal de identificação de processo sigiloso (#divIdentificacao). Solicitando credencial...
[23:37:11]   → Usuário: 'brpersoncpf=05089752630'
[23:37:11]   → Senha: informada (preenchendo...)
[23:37:11] Senha preenchida no modal de identificação de processo sigiloso.
[23:37:14] Credencial de sigilo confirmada com sucesso.
[23:37:17] Processo SEI-260006/001087/2026 aberto com sucesso!
[23:37:17] Inspecionando documentos e atas do processo SEI-260006/001087/2026...
[23:37:20] Botão 'Abrir todas as Pastas' acionado. Aguardando 3s para expansão dos documentos...
[23:37:51] Iniciando esteira para módulo: Monitoramento atas feitas
[23:37:51] Unidade de lotação selecionada: CINQA
[23:37:51] Carregando lista de processos alvos...
[23:37:52] 2 processo(s) localizado(s) para inspeção.
[23:37:52] Iniciando navegador web (Microsoft Edge / Selenium)...
[23:38:00] Verificando autenticação no SEI...
[23:38:00] Tentando login automático no SEI para o órgão 'UERJ'...
[23:38:00] Tela de login do SEI-RJ identificada. Preenchendo credenciais para órgão 'UERJ'...
[23:38:06] Login no SEI-RJ realizado com sucesso!
[23:38:08] Login automático concluído com sucesso!
[23:38:08] [DIAG] URL após login: https://sei.rj.gov.br/sei/controlador.php?acao=procedimento_controlar&acao_origem=principal&acao_retorno=principal&inicializando=1&infra_sistema=100000100&infra_unidade_atual=120007667&infra_hash=02ec83d76a12d589bc0f6943496714bcc82aaa891e9448c3bf0a47cb73db1edd
[23:38:08] [DIAG] Título da página: SEI-RJ - Controle de Processos
[23:38:08] [DIAG] Iframes encontrados (0): []
[23:38:08] [DIAG] txtPesquisaRapida visível: True | selInfraUnidades visível: False
[23:38:08] Alternando contexto no SEI para a unidade 'CINQA'...
[23:38:08] Aviso: Combo de unidades não localizado. Unidade atual mantida.
[23:38:08] [1/2] Inspecionando processo: SEI-260006/017555/2026
[23:38:08] Processo SEI-260006/017555/2026 possui link direto na planilha. Acessando URL...
[23:38:10] Identificado modal de identificação de processo sigiloso (#divIdentificacao). Solicitando credencial...
[23:38:10]   → Usuário: 'brpersoncpf=05089752630'
[23:38:10]   → Senha: informada (preenchendo...)
[23:38:10] Senha preenchida no modal de identificação de processo sigiloso.
[23:38:13] Credencial de sigilo confirmada com sucesso.
[23:38:16] Processo SEI-260006/017555/2026 aberto com sucesso pelo link direto!
[23:38:16] Inspecionando documentos e atas do processo SEI-260006/017555/2026...
[23:38:20]   → 1 nova(s) ata(s) identificada(s) para o processo SEI-260006/017555/2026.
[23:38:20] Aguardando 7.9s antes do próximo processo...
[23:38:28] [2/2] Inspecionando processo: SEI-260006/001087/2026
[23:38:28] Digitando processo SEI-260006/001087/2026 no campo de busca da janela...
[23:38:37] Identificado modal de identificação de processo sigiloso (#divIdentificacao). Solicitando credencial...
[23:38:37]   → Usuário: 'brpersoncpf=05089752630'
[23:38:37]   → Senha: informada (preenchendo...)
[23:38:37] Senha preenchida no modal de identificação de processo sigiloso.
[23:38:40] Credencial de sigilo confirmada com sucesso.
[23:38:42] Processo SEI-260006/001087/2026 aberto com sucesso!
[23:38:42] Inspecionando documentos e atas do processo SEI-260006/001087/2026...
[23:38:50] Botão 'Abrir todas as Pastas' acionado. Aguardando 3s para expansão dos documentos...
[23:39:06]   → 3 nova(s) ata(s) identificada(s) para o processo SEI-260006/001087/2026.
[23:39:06] Aguardando 8.0s antes do próximo processo...
[23:39:14] Encerrando sessão do navegador...
[23:39:16] Formatando dados para exportação...
[23:39:16] Gravando arquivo MonitoramentoAtasFeitas.xlsx...
[23:39:16] Exportação concluída com sucesso em: C:\Users\Misha\Documents\Github\monitor_SEI\data\outputs\MonitoramentoAtasFeitas.xlsx
[23:39:16] >>> ROTINA CONCLUÍDA COM SUCESSO! <<<
[23:39:16] >>> Arquivo gerado em: C:\Users\Misha\Documents\Github\monitor_SEI\data\outputs\MonitoramentoAtasFeitas.xlsx
